,Date,AUD,CAD,USD,Net,Adjusted
0,2021-01-04,100000.0,100000.0,100000.0,300000.0,False
1,2021-01-05,100000.0,100787.40157480315,99510.45838896307,300297.85996376624,True
2,2021-01-06,99230.76923076923,100000.0,99610.59190031153,298841.3611310808,True
3,2021-01-07,98461.53846153845,100000.0,99944.37027147308,298405.9087330115,True
4,2021-01-08,99230.76923076923,100000.0,100244.77080551848,299475.54003628774,True
5,2021-01-11,100000.0,100000.0,100734.31241655542,300734.3124165554,True
6,2021-01-12,100000.0,100787.40157480315,100189.14107699155,300976.54265179473,True
7,2021-01-13,99230.76923076923,100000.0,100489.54161103694,299720.3108418062,True
8,2021-01-14,99230.76923076923,100000.0,100400.53404539387,299631.3032761631,True
9,2021-01-15,99230.76923076923,99212.59842519685,101001.33511348465,299444.7027694507,True
10,2021-01-19,100000.0,100000.0,100689.80863373388,300689.8086337339,True
11,2021-01-20,240174.05134623943,30065.64307966178,30065.64307966178,300305.337505563,True
12,2021-01-21,238486.09337645743,29810.81162029464,29810.81162029464,298107.7166170467,True
13,2021-01-22,238486.0933764574,29810.811620294637,29847.194503665687,298144.0995004177,False
14,2021-01-25,240223.22853778696,30027.903567223384,30027.576031959,300278.7081369693,True
15,2021-01-26,240164.4992744651,30020.56240930815,30020.39733649009,300205.45902026334,True
16,2021-01-27,238317.0800492769,30020.562409308146,30180.204264753538,298517.8467233386,False
17,2021-01-28,241908.6485166291,30238.58106457865,30238.277170358997,302385.5067515667,True
18,2021-01-29,240062.01761192203,30238.58106457865,30278.389852875505,300578.98852937616,False
19,2021-02-01,241908.6485166291,30238.58106457865,30425.469688769354,302572.6992699771,False
20,2021-02-02,241908.6485166291,30238.58106457865,30485.638712544114,302632.86829375185,False
21,2021-02-03,241908.6485166291,30238.58106457865,30458.896924199784,302606.1265054075,False
22,2021-02-04,241908.6485166291,30238.58106457865,30595.948589464508,302743.17817067227,False
23,2021-02-05,243755.27942133616,30238.58106457865,30432.155135855446,304426.01562177023,False
24,2021-02-08,150347.99192669132,30069.598385338275,120053.82646264246,300471.41677467205,True
25,2021-02-09,239448.47580193362,29958.64517503973,29958.95567091585,299366.07664788916,True
26,2021-02-10,237999.79687209523,29750.097724938183,29750.097724938183,297499.9923219716,True
27,2021-02-11,238013.12859568148,29751.64138205765,29751.645248448418,297516.41522618756,True
28,2021-02-12,238013.12859568148,29751.64138205765,29771.387547883354,297536.1575256225,False
29,2021-02-16,236168.06558331184,29517.37648928554,29781.25869760082,295466.7007701982,False
30,2021-02-17,238013.12859568148,29751.64138205765,29926.035560123688,297690.8055378628,False
31,2021-02-18,238013.12859568148,29751.64138205765,29807.581763514067,297572.3517412532,False
32,2021-02-19,238013.12859568148,29751.64138205765,29731.90294901348,297496.6729267526,False
33,2021-02-22,234323.00257094222,29517.37648928554,29616.73953564302,293457.1185958708,False
34,2021-02-23,232477.93955857263,29517.37648928554,29669.38566746952,291664.7017153277,False
35,2021-02-24,232477.93955857263,29517.37648928554,29672.676050708673,291667.99209856684,False
36,2021-02-25,230632.87654620298,29283.111596513434,29656.224134512893,289572.2122772293,False
37,2021-02-26,146879.91692693657,117284.104627914,29375.983385387324,293540.0049402379,True
38,2021-03-01,237235.0314949145,29681.943749178827,29681.268112722315,296598.24335681566,True
39,2021-03-02,237026.41691664245,29627.852209801877,29628.230808873366,296282.4999353177,True
40,2021-03-03,235596.81849590904,29449.72999373698,29449.72999373698,294496.27848338295,True
41,2021-03-04,237437.41864040834,29683.458009560287,29669.914890886415,296790.791540855,False
42,2021-03-05,238995.77771769787,29873.994977659066,29874.244290099075,298744.016985456,True
43,2021-03-08,238995.77771769787,29638.766670748366,29981.42520568651,298615.9695941328,False
44,2021-03-09,240834.20677706477,29873.994977659062,29867.748477033165,300575.950231757,False
45,2021-03-10,238995.77771769787,29638.766670748366,29812.534065972974,298447.0784544192,False
46,2021-03-11,237190.69795284438,29648.822498548438,29648.847685333316,296488.36813672615,True
47,2021-03-12,235352.0103718146,29413.514383480593,29733.169501108714,294498.6942564039,False
48,2021-03-15,237108.823231074,29638.040534284068,29638.602903884264,296385.4666692423,True
49,2021-03-16,237108.823231074,29638.04053428407,29651.513108786316,296398.37687414436,False
50,2021-03-17,236807.66211381674,29600.45802287524,29600.70507335007,296008.825210042,True
51,2021-03-18,234971.94380285693,29600.458022875235,29746.441586293255,294318.8434120254,False
52,2021-03-19,237131.9439475057,29641.59452183732,29641.59452183732,296415.13299118035,True
53,2021-03-22,237131.94394750573,29641.59452183732,29602.897923244844,296376.4363925879,False
54,2021-03-23,237240.18575625092,29655.023473193734,29655.057108625413,296550.2663380701,True
55,2021-03-24,240918.32817107651,29892.263660979283,29716.075744651393,300526.6675767072,False
56,2021-03-25,241982.51322775532,30246.925832785848,30246.766469535785,302476.2055300769,True
57,2021-03-26,241982.51322775532,30246.925832785848,30210.944502356102,302440.3835628973,False
58,2021-03-29,240149.3123699693,30246.925832785848,30266.305724361067,300662.5439271162,False
59,2021-03-30,240149.3123699693,30246.925832785848,30383.541253312756,300779.77945606795,False
60,2021-03-31,240149.3123699693,30246.925832785848,30360.745456016597,300756.9836587718,False
61,2021-04-01,241982.51322775532,30246.925832785848,30263.049181890194,302492.48824243137,False
62,2021-04-05,150275.91074155315,30055.18214831064,119995.70645674987,300326.7993466137,True
63,2021-04-06,239577.40310152224,29974.73855022502,29975.134516490914,299527.2761682382,True
64,2021-04-07,238380.1724068373,29797.71929794176,29797.71929794176,297975.61100272083,True
65,2021-04-08,239744.31511124954,29967.613854803934,29967.291779358082,299679.2207454115,True
66,2021-04-09,239744.31511124957,29967.613854803934,29999.843693087558,299711.7726591411,False
67,2021-04-12,239744.31511124957,29729.77564960708,29993.333310341663,299467.4240711983,False
68,2021-04-13,239688.68938126377,29961.086172657982,29960.93088624236,299610.7064401641,True
69,2021-04-14,239688.68938126374,29723.299774462284,29908.73982536268,299320.72898108873,False
70,2021-04-15,236522.63303729496,29565.483579494816,29565.483579494816,295653.6001962846,True
71,2021-04-16,236522.63303729496,29565.483579494816,29530.0062892827,295618.1229060725,False
72,2021-04-19,238356.1418205298,29565.483579494816,29371.97108742874,297293.5964874533,False
73,2021-04-20,236411.93299490976,29551.49162436373,29551.180089201185,295514.6047084747,True
74,2021-04-21,236411.93299490976,29787.90355735864,29525.26936575603,295725.10591802443,False
75,2021-04-22,236434.9457778705,29554.36822223383,29554.375427235063,295543.68942733936,True
76,2021-04-23,238267.77481490825,29554.36822223383,29402.28349193669,297224.42652907874,False
77,2021-04-26,236434.9457778705,29554.36822223383,29386.103498819844,295375.4174989242,False
78,2021-04-27,234602.11674083275,29317.93327645596,29418.46348505354,293338.5135023423,False
79,2021-04-28,236434.9457778705,29317.93327645596,29321.38352635245,295074.2625806789,False
80,2021-04-29,234602.11674083275,29081.498330678085,29321.38352635245,293004.9985978633,False
81,2021-04-30,236434.9457778705,29081.498330678085,29538.195434118217,295054.6395426668,False
82,2021-05-03,236434.9457778705,29081.498330678085,29431.40747954702,294947.8515880956,False
83,2021-05-04,147528.93777064508,117800.93505813257,29505.787554129027,294835.6603829067,True
84,2021-05-05,148672.5729471617,117800.93505813259,29512.251742441902,295985.7597477362,False
85,2021-05-06,147528.93777064508,117800.93505813259,29395.89635281011,294725.76918158773,False
86,2021-05-07,233694.6702721506,29239.169204647318,29238.97936429399,292172.8188410919,True
87,2021-05-10,232080.2171276119,29010.066835003992,29010.093291979745,290100.37725459563,True
88,2021-05-11,233907.62041208125,29010.066835003992,28987.582411473835,291905.2696585591,False
89,2021-05-12,233907.62041208125,29010.066835003992,29170.88529559342,292088.5725426787,False
90,2021-05-13,235143.07134994975,29391.927474186075,29392.361407360426,293927.3602314962,True
91,2021-05-14,235143.07134994972,29634.835965708273,29253.091816118937,294030.9991317769,False
92,2021-05-17,235004.56189057746,29375.570236322194,29375.183311558318,293755.315438458,True
93,2021-05-18,235004.56189057746,29375.570236322194,29222.153648995332,293602.285775895,False
94,2021-05-19,233182.821100728,29375.570236322194,29365.415460756427,291923.80679780664,False
95,2021-05-20,236826.3026804269,29375.570236322194,29241.68935059912,295443.5622673482,False
96,2021-05-21,234952.1571464896,29369.01964331121,29368.872347086177,293690.049136887,True
97,2021-05-24,234952.1571464896,29369.01964331121,29306.885169281843,293628.06195908267,False
98,2021-05-25,234952.1571464896,29126.300472705334,29244.897991477505,293323.35561067244,False
99,2021-05-26,234957.24653500965,29369.65581687622,29369.657410297175,293696.55976218305,True
100,2021-05-27,234938.98147461785,29367.37268432724,29367.32134595144,293673.67550489656,True
101,2021-05-28,234954.56915550827,29369.321144438545,29369.326024737475,293693.2163246843,True
102,2021-06-01,234954.5691555083,29369.321144438545,29304.082603600655,293627.97290354746,False
103,2021-06-02,234954.5691555083,29369.321144438545,29326.917800998544,293650.8081009454,False
104,2021-06-03,234954.5691555083,29126.599482087815,29522.648064408993,293603.8167020051,False
105,2021-06-04,236775.9224047758,29369.321144438545,29405.209906362725,295550.453455577,False
106,2021-06-07,234954.5691555083,29369.321144438545,29343.228656282747,293667.1189562296,False
107,2021-06-08,234954.5691555083,29369.321144438545,29385.63688002168,293709.5271799685,False
108,2021-06-09,234954.5691555083,29369.321144438545,29398.68556424904,293722.5758641959,False
109,2021-06-10,146854.76358998424,29370.948641612296,117263.70309040436,293489.41532200086,True
110,2021-06-11,146854.76358998424,29370.948641612296,117888.5540837813,294114.26631537784,False
111,2021-06-14,236133.9059429681,29544.33395320812,29544.333953208115,295222.5738493843,True
112,2021-06-15,236133.9059429681,29302.167281460508,29550.861645199548,294986.9348696281,False
113,2021-06-16,236133.9059429681,29544.333953208123,29743.428558946704,295421.6684551229,False
114,2021-06-17,237950.32060406782,29786.50062495573,29991.480854621008,297728.30208364455,False
115,2021-06-18,239766.7352651676,29786.50062495573,30102.45161847531,299655.68750859867,False
116,2021-06-21,241583.14992626733,30028.667296703337,29981.689316633863,301593.5065396045,False
117,2021-06-22,241583.14992626733,30028.667296703337,29939.25931868958,301551.07654166024,False
118,2021-06-23,239766.7352651676,29786.50062495573,29962.106240659577,299515.34213078296,False
119,2021-06-24,239766.7352651676,29786.50062495573,29968.633932651006,299521.8698227744,False
120,2021-06-25,239766.7352651676,29786.50062495573,29965.370086655294,299518.60597677866,False
121,2021-06-28,239766.7352651676,29786.50062495573,29988.21700862529,299541.4528987486,False
122,2021-06-29,239766.7352651676,29786.50062495573,30043.702390552444,299596.9382806758,False
123,2021-06-30,241583.14992626733,30028.667296703337,30170.99238438531,301782.809607356,False
124,2021-07-01,241583.14992626733,30028.667296703337,30223.213920316743,301835.0311432874,False
125,2021-07-02,243399.56458736712,30028.667296703337,30102.45161847531,303530.68350254575,False
126,2021-07-06,241583.14992626733,29786.50062495573,30206.89469033817,301576.54524156125,False
127,2021-07-07,241583.14992626733,30270.833968450945,30236.269304299603,302090.2531990179,False
128,2021-07-08,243399.56458736712,30270.833968450945,30144.881616419592,303815.28017223766,False
129,2021-07-09,152778.313187718,30554.951010915676,121992.41244550371,305325.6766441374,True
130,2021-07-12,151646.6219789201,30310.51140282835,122124.825788004,304081.95916975243,False
131,2021-07-13,151646.6219789201,30554.951010915676,122813.37516900542,305014.94815884123,False
132,2021-07-14,151646.6219789201,30554.951010915676,122363.16980450449,304564.74279434024,False
133,2021-07-15,243643.8236898595,30484.2810813591,30484.281081359106,304612.38585257775,True
134,2021-07-16,245462.06118008232,30728.155330009973,30507.32037822474,306697.53688831703,False
135,2021-07-19,245410.69076063222,30676.33634507904,30676.07853280153,306763.1056385128,True
136,2021-07-20,247228.54772922947,30919.79933194475,30702.497805948522,308850.84486712277,False
137,2021-07-21,247022.55349277478,30877.819186596862,30877.199638102327,308777.57231747394,True
138,2021-07-22,247022.55349277478,30634.68675205673,30900.503184999005,308557.7434298305,False
139,2021-07-23,245206.21118768086,30634.68675205673,30930.46488815188,306771.3628278895,False
140,2021-07-26,246800.91928132225,30849.57667637652,30850.099404728895,308500.5953624277,True
141,2021-07-27,244986.20663954783,30604.738766246548,30776.844986282696,306367.79039207706,False
142,2021-07-28,246712.57098780668,30839.071373475846,30838.82439394355,308390.4667552261,True
143,2021-07-29,246393.64205352525,30798.693355784013,30798.92033358809,307991.25574289734,True
144,2021-07-30,244581.9240972493,30552.30380893774,30902.857469484155,306037.0853756712,False
145,2021-08-02,246393.64205352525,30798.693355784013,30862.62373945987,308054.9591487691,False
146,2021-08-03,246393.64205352525,30798.693355784013,30872.68217196594,308065.0175812752,False
147,2021-08-04,244581.9240972493,30798.693355784013,30936.38557783772,306317.00303087104,False
148,2021-08-05,244581.9240972493,30798.693355784013,30926.32714533165,306306.944598365,False
149,2021-08-06,244581.9240972493,30798.693355784013,31114.08455211163,306494.70200514497,False
150,2021-08-09,154301.55083539875,30860.310167079762,123210.69269103475,308372.55369351327,True
151,2021-08-10,154301.55083539875,30860.310167079766,123356.50416167504,308518.36516415357,False
152,2021-08-11,246229.43525287887,30806.980940129448,30807.46082439892,307843.8770174072,True
153,2021-08-12,246229.43525287887,30806.980940129444,30850.56673234394,307886.98292535223,False
154,2021-08-13,246171.6474348577,30771.455929357224,30771.222793086534,307714.3261573015,True
155,2021-08-16,246171.6474348577,30771.45592935722,30807.807688322584,307750.9110525375,False
156,2021-08-17,246529.80506690792,30816.337767831817,30816.337767831817,308162.48060257157,True
157,2021-08-18,249432.98229732655,31178.21639146909,31178.22465869704,311789.4233474927,True
158,2021-08-19,249743.86948809776,31218.081020723886,31218.081020723886,312180.03152954555,True
159,2021-08-20,252817.5721757511,31601.85097846949,31601.178484035343,316020.60163825593,True
160,2021-08-23,252817.57217575106,31601.85097846949,31418.66900402059,315838.09215824114,False
161,2021-08-24,251009.3634079346,31376.11743686003,31376.17042599184,313761.6512707865,True
162,2021-08-25,249203.54064960414,31129.061394050106,31355.90376407388,311688.5058077281,False
163,2021-08-26,247966.87197848523,30996.037192008327,30996.037192008327,309958.9463625019,True
164,2021-08-27,249513.3486132038,31189.16857665049,31188.378147368894,311890.8953372232,True
165,2021-08-30,247858.64336874444,30982.28151283836,30982.378436884883,309823.3033184677,True
166,2021-08-31,247853.29221705158,30981.661527131462,30981.646608617866,309816.6003528009,True
167,2021-09-01,247853.29221705155,30981.661527131466,30921.442610026148,309756.39635420917,False
168,2021-09-02,246044.14409867895,30981.661527131466,30847.85994508071,307873.6655708911,False
169,2021-09-03,244234.9959803063,30981.661527131466,30784.311279900558,306000.9687873383,False
170,2021-09-07,242425.84786193364,30735.77532453518,30944.855276145146,304106.478462614,False
171,2021-09-08,244234.9959803063,30981.661527131466,30988.33594179473,306204.9934492325,False
172,2021-09-09,246044.14409867895,31227.547729727743,30931.476609791436,308203.16843819816,False
173,2021-09-10,154118.30755204122,123064.62215069434,30823.661510408256,308006.59121314384,True
174,2021-09-13,154118.30755204122,123064.62215069435,30836.97914337884,308019.9088461144,False
175,2021-09-14,154118.30755204122,122095.60937785423,30846.967368106772,307060.88429800223,False
176,2021-09-15,61821.969877721494,216143.75969139754,30910.691901866823,308876.42147098586,True
177,2021-09-16,153193.4634825252,122738.76119383739,30684.690298459358,306616.91497482196,True
178,2021-09-17,246832.12851435848,30882.980436955477,30882.765720183128,308597.8746714971,True
179,2021-09-20,248524.79721632812,31065.599652041026,31065.17596819411,310655.5728365632,True
180,2021-09-21,248524.79721632812,31065.599652041026,31051.84899437678,310642.2458627459,False
181,2021-09-22,248524.79721632812,31065.599652041026,31138.47432418942,310728.87119255855,False
182,2021-09-23,248524.79721632812,31065.599652041026,31018.53155983346,310608.9284282026,False
183,2021-09-24,246913.08948234923,30864.092245382475,30864.195420271622,308641.3771480033,True
184,2021-09-27,248715.37480703788,30621.067896993638,30880.730401210374,310217.1731052419,False
185,2021-09-28,154271.93031593773,123185.69805635512,30854.386063187558,308312.0144354804,True
186,2021-09-29,155398.00279999565,124163.36232664365,31041.94071879188,310603.30584543117,False
187,2021-09-30,156524.07528405357,125141.02659693218,31012.326825801723,312677.4287067875,False
188,2021-10-01,155398.00279999565,124163.36232664365,30943.22774215803,310504.59286879736,False
189,2021-10-04,246429.31476259616,30832.517616569836,30832.517616569836,308094.3499957358,True
190,2021-10-05,246429.31476259613,30832.517616569836,30888.391489236044,308150.223868402,False
191,2021-10-06,246596.0129692003,30824.55381217739,30824.55381217739,308245.1205935551,True
192,2021-10-07,246596.01296920027,30824.55381217739,30808.20473303653,308228.77151441417,False
193,2021-10-08,246596.01296920027,30579.91449620773,30759.157495613952,307935.08496102196,False
194,2021-10-11,246596.01296920027,30579.91449620773,30840.90289131825,308016.83035672625,False
195,2021-10-12,244796.04207161488,30579.91449620773,30906.29920788169,306282.2557757043,False
196,2021-10-13,244910.42061999635,30613.753631203264,30613.83838792648,306138.0126391261,True
197,2021-10-14,243109.60870367286,30368.843602153636,30574.790124676572,304053.2424305031,False
198,2021-10-15,243237.06826194274,30404.583920055666,30404.67343866282,304046.32562066126,True
199,2021-10-18,243237.06826194274,30404.583920055666,30407.910044308835,304049.56222630723,False
200,2021-10-19,243237.06826194274,30404.583920055666,30356.1243539726,303997.77653597103,False
201,2021-10-20,241435.31220074315,30404.583920055666,30281.68242411426,302121.5785449131,False
202,2021-10-21,239633.5561395436,30159.385662635857,30349.651142680566,300142.59294486,False
203,2021-10-22,241435.31220074315,30404.583920055666,30297.86545234433,302137.7615731432,False
204,2021-10-25,241435.31220074315,30404.583920055666,30362.597565264627,302202.49368606345,False
205,2021-10-26,239633.5561395436,30404.583920055666,30407.910044308835,300446.05010390806,False
206,2021-10-27,239633.5561395436,30404.583920055666,30378.7805934947,300416.92065309396,False
207,2021-10-28,239633.5561395436,30404.583920055666,30213.713705547947,300251.8537651472,False
208,2021-10-29,239633.5561395436,30159.385662635857,30462.93234029109,300255.87414247054,False
209,2021-11-01,150211.69693219298,119945.08586914894,30042.339386438605,300199.1221877805,True
210,2021-11-02,150211.69693219298,119945.08586914894,30109.541040370776,300266.32384171267,False
211,2021-11-03,240833.5553143965,30132.21332853925,30131.972793718487,301097.7414366543,True
212,2021-11-04,240833.5553143965,30132.21332853925,30289.27800007819,301255.04664301395,False
213,2021-11-05,242628.5462164567,30328.5682770571,30328.446050476537,303285.56054399034,True
214,2021-11-08,242558.99397858809,30319.87424732352,30319.678753914308,303198.54697982594,True
215,2021-11-09,242558.99397858809,30077.315253344936,30290.664707259843,302926.9739391929,False
216,2021-11-10,244008.4991292049,30500.003685411015,30501.062391150626,305009.5652057665,True
217,2021-11-11,244008.4991292049,30745.971457067553,30607.181005690218,305361.65159196267,False
218,2021-11-12,245802.67926986082,30991.9392287241,30591.102427729667,307385.7209263146,False
219,2021-11-15,244008.4991292049,30745.971457067553,30681.142464308712,305435.61305058113,False
220,2021-11-16,244008.4991292049,30745.971457067553,30845.143959506255,305599.61454577866,False
221,2021-11-17,245802.67926986082,30991.9392287241,30816.202519177277,307610.8210177622,False
222,2021-11-18,247596.85941051668,30991.9392287241,30722.946767006124,309311.7454062469,False
223,2021-11-19,245802.67926986082,30991.9392287241,30893.37969338788,307687.9981919728,False
224,2021-11-22,247596.85941051668,31237.907000380637,31031.655463848558,309866.42187474587,False
225,2021-11-23,247596.85941051668,31237.907000380637,31028.439748256445,309863.2061591538,False
226,2021-11-24,247596.85941051668,31237.907000380637,31140.98979398025,309975.7562048776,False
227,2021-11-26,249391.03955117264,31237.907000380637,30899.8111245721,311528.7576761254,False
228,2021-11-29,251185.21969182853,31237.907000380637,30980.204014374816,313403.330706584,False
229,2021-11-30,251185.21969182853,31237.907000380637,30867.65396865101,313290.7806608602,False
230,2021-12-01,156778.0213630347,31355.60427260695,125186.22613002727,313319.85176566895,True
231,2021-12-02,157897.86437277065,31355.60427260695,125290.49367912047,314543.9623244981,False
232,2021-12-03,251390.57235610735,31452.849318873417,31453.09288808616,314296.51456306694,True
233,2021-12-06,253173.48421678896,31452.849318873414,31508.721537596928,316135.05507325934,False
234,2021-12-07,252928.98660901148,31615.715396223954,31615.920394037013,316160.62239927246,True
235,2021-12-08,249366.60651592683,31121.719843157956,31458.447718005697,311946.7740770905,False
236,2021-12-09,248427.68850565332,31053.724767560605,31053.724767560605,310535.1380407745,True
237,2021-12-10,250214.93806324794,31053.724767560605,30982.759571249568,312251.42240205815,False
238,2021-12-13,249870.81284166093,31233.401569561698,31233.441865495257,312337.65627671784,True
239,2021-12-14,250131.07247918122,31266.465543784827,31266.465543784827,312664.0035667509,True
240,2021-12-15,251917.72299688967,31510.734805845645,31247.039345870082,314675.4971486054,False
241,2021-12-16,250131.07247918122,31266.46554378483,31094.86746220457,312492.40548517066,False
242,2021-12-17,248344.42196147278,31266.46554378483,31266.46554378483,310877.35304904246,False
243,2021-12-20,251750.75835777217,31468.84479472153,31468.322984431317,314687.926136925,True
244,2021-12-21,251750.7583577722,31468.844794721535,31448.76732022556,314668.37047271925,False
245,2021-12-22,249965.29198644042,31468.844794721535,31315.136948152885,312749.27372931485,False
246,2021-12-23,248753.96331500914,31094.425169377744,31094.425169377744,310942.81365376466,True
247,2021-12-27,247147.41594527976,30893.3841132435,30893.484303559788,308934.28436208307,True
248,2021-12-28,247147.4159452798,30893.3841132435,30928.849932380595,308969.6499909039,False
249,2021-12-29,247147.4159452798,30893.3841132435,30842.04338891134,308882.84344743466,False
250,2021-12-30,247147.4159452798,30893.3841132435,30854.90361757345,308895.70367609675,False
251,2021-12-31,247147.4159452798,30652.029549858788,30758.451902607605,308557.8973977462,False
252,2022-01-03,247147.4159452798,30652.029549858788,30941.710161042705,308741.1556561813,False
253,2022-01-04,248938.33924923107,30893.3841132435,30957.78544687035,310789.50880934496,False
254,2022-01-05,247147.4159452798,30652.029549858788,30925.634875215066,308725.08037035365,False
255,2022-01-06,247147.4159452798,30893.3841132435,30944.92521820824,308985.72527673154,False
256,2022-01-07,250729.26255318234,30652.029549858788,30780.9573027663,312162.24940580747,False
257,2022-01-10,248938.33924923107,30410.67498647407,30861.333731904502,310210.34796760965,False
258,2022-01-11,155166.3727079349,123899.54155897643,31032.54775130298,310098.46201821434,True
259,2022-01-12,155166.3727079349,122923.95461756717,30831.332737646757,308921.6600631488,False
260,2022-01-13,244287.43486136122,30564.530997012145,30564.53099701214,305416.49685538554,True
261,2022-01-14,244287.43486136122,30564.53099701215,30687.05997452944,305539.0258329028,False
262,2022-01-18,247428.6678219082,30927.673915368723,30928.431186770646,309284.7729240476,True
263,2022-01-19,247428.6678219082,30927.673915368727,30857.353626328884,309213.6953636058,False
264,2022-01-20,247430.398642621,30928.797557842903,30928.800372224956,309287.99657268886,True
265,2022-01-21,247404.55326368922,30925.569157961167,30925.496518941913,309255.6189405923,True
266,2022-01-24,247404.55326368925,31172.973711224855,31016.035404610084,309593.5623795242,False
267,2022-01-25,249106.52147745428,31138.315184681796,31138.033912623825,311382.8705747599,True
268,2022-01-26,249106.52147745428,31138.315184681796,31313.27662562869,311558.1132877648,False
269,2022-01-27,249642.75761278742,31205.51259011608,31205.51259011608,312053.78279301955,True
270,2022-01-28,253209.08272154152,31205.51259011608,31208.72105326538,315623.31636492297,False
271,2022-01-31,254992.24527591857,31451.22528767605,30974.5032433663,317417.9738069609,False
272,2022-02-01,251425.92016716447,31205.51259011608,30926.37629612676,313557.8090534073,False
273,2022-02-02,249304.2125258493,31163.026565731176,31162.07458331398,311629.3136748944,True
274,2022-02-03,249304.21252584932,31163.026565731172,30980.182132129325,311447.4212237098,False
275,2022-02-04,249183.92161485137,31147.99020185643,31147.652095118116,311479.56391182594,True
276,2022-02-07,250963.80676924315,31147.99020185643,31121.55435561655,313233.35132671613,False
277,2022-02-08,249225.3038627404,31153.162982842565,31153.175939082917,311531.64278466586,True
278,2022-02-09,249225.30386274043,31153.162982842565,31104.3158764432,311482.7827220262,False
279,2022-02-10,247776.88583963359,30972.21460052054,30972.21460052054,309721.3150406747,True
280,2022-02-11,249340.54424109205,31167.079951802214,31167.50917770991,311675.1333706042,True
281,2022-02-14,249340.54424109205,31167.079951802218,31261.58263380417,311769.20682669844,False
282,2022-02-15,249340.54424109205,31167.079951802218,31138.3139671979,311645.93816009216,False
283,2022-02-16,249340.54424109205,31167.079951802218,31044.24051110365,311551.8647039979,False
284,2022-02-17,247559.5403536557,31167.079951802218,31076.67963389477,309803.29993935267,False
285,2022-02-18,247559.5403536557,31167.079951802218,31154.533528593467,309881.1538340514,False
286,2022-02-22,155061.66000006645,31012.3320000133,123817.22805727879,309891.2200573585,True
287,2022-02-23,153946.1084892746,31012.3320000133,124023.52563604755,308981.9661253354,False
288,2022-02-24,153946.1084892746,30770.048156263198,125248.4175099871,309964.5741555249,False
289,2022-02-25,156177.2115108583,31012.3320000133,124577.95037898862,311767.4938898602,False
290,2022-02-28,155061.66000006645,31012.3320000133,124693.99276704603,310767.9847671258,False
291,2022-03-01,62062.540263939445,216753.06014318604,31031.270131969723,309846.8705390952,True
292,2022-03-02,62062.54026393945,216753.06014318604,31024.898862052472,309840.49926917796,False
293,2022-03-03,30781.147910588435,246171.22493876884,30781.147910588435,307733.5207599457,True
294,2022-03-04,30556.46799883231,248124.9648192353,31051.84826034921,309733.2810784168,False
295,2022-03-07,30331.788087076195,248124.9648192353,31253.299683426994,309710.05258973845,False
296,2022-03-08,31180.04570551272,249452.86062143388,31181.605817531476,311814.51214447804,True
297,2022-03-09,31638.57578941731,251401.71109503886,30838.501130058135,313878.7880145143,False
298,2022-03-10,124515.05885520171,155935.32548399025,31186.61891209361,311637.0032512856,True
299,2022-03-11,123606.18981246302,155935.32548399025,31379.734712889236,310921.2500093425,False
300,2022-03-14,31059.28793249381,248240.05689884504,31059.287932493804,310358.63276383263,True
301,2022-03-15,31512.708194282037,250194.70301615875,31062.423334061787,312769.8345445026,False
302,2022-03-16,124787.77112049982,156276.7459181557,31254.32665171887,312318.8436903744,True
303,2022-03-17,216195.96832783674,61836.975774645616,30918.487887322815,308951.4319898052,True
304,2022-03-18,122151.11316570282,152460.68712152747,30537.77829142571,305149.578578656,True
305,2022-03-21,30523.35162773091,243957.6410291681,30523.35162773091,305004.3442846299,True
306,2022-03-22,30523.35162773091,243957.6410291681,30520.25281030677,305001.2454672058,False
307,2022-03-23,30297.252726784758,243957.6410291681,30560.537436820534,304815.43119277334,False
308,2022-03-24,30071.153825838603,243957.6410291681,30613.21733303083,304642.0121880375,False
309,2022-03-25,30071.153825838603,242021.46927496835,30619.4149678791,302712.03806868603,False
310,2022-03-28,30071.153825838603,242021.46927496835,30706.181855754883,302798.8049565618,False
311,2022-03-29,30071.153825838603,242021.46927496835,30492.363453489565,302584.9865542965,False
312,2022-03-30,30071.153825838603,242021.46927496835,30303.33559061732,302395.9586914243,False
313,2022-03-31,30071.153825838603,242021.46927496835,30464.474096672344,302557.0971974793,False
314,2022-04-01,30071.153825838603,242021.46927496835,30563.636254244662,302656.2593550516,False
315,2022-04-04,30297.252726784758,242021.46927496835,30675.19368151353,302993.91568326665,False
316,2022-04-05,30291.105090962483,242332.4690552475,30291.656001867905,302915.2301480779,True
317,2022-04-06,120863.40012606359,151363.53322629377,30272.706645258764,302499.6399976161,True
318,2022-04-07,213041.65499049998,60934.35430164679,30466.805185747227,304442.814477894,True
319,2022-04-08,244772.45847969386,30605.990301425667,30605.680711205234,305984.1294923248,True
320,2022-04-11,244819.0805151957,30602.399661148767,30602.399661148767,306023.87983749324,True
321,2022-04-12,246646.08857874194,30602.399661148767,30712.645471996497,307961.13371188723,False
322,2022-04-13,244819.08051519573,30602.399661148767,30587.087742975466,306008.56791931996,False
323,2022-04-14,244819.08051519573,30602.399661148767,30721.832622900467,306143.312799245,False
324,2022-04-18,246646.08857874194,30602.399661148767,30862.702270094793,308111.1905099855,False
325,2022-04-19,248473.09664228818,30602.399661148767,30917.825175518654,309993.32147895556,False
326,2022-04-20,246646.08857874194,30602.399661148767,30743.269308343086,307991.7575482338,False
327,2022-04-21,244819.08051519573,30359.523473361874,30801.45459740161,305980.0585859592,False
328,2022-04-22,248473.09664228818,30602.399661148767,30997.447150019794,310072.94345345674,False
329,2022-04-25,252127.11276938062,30845.275848935664,31159.753482656728,314132.142100973,False
330,2022-04-26,253954.12083292686,30845.275848935664,31328.18458256298,316127.58126442553,False
331,2022-04-27,255781.12889647306,31088.15203672256,31527.239518815823,318396.52045201143,False
332,2022-04-28,255781.12889647306,31088.15203672256,31732.41922233799,318601.7001555336,False
333,2022-04-29,257608.13696001936,31088.15203672256,31530.301902450483,320226.59089919244,False
334,2022-05-02,259435.14502356556,31331.028224509457,31769.167825953893,322535.3410740289,False
335,2022-05-03,259435.14502356556,31331.028224509457,31686.483467818096,322452.6567158931,False
336,2022-05-04,257608.13696001936,31088.15203672256,31416.993707968097,320113.28270471,False
337,2022-05-05,252127.11276938062,30845.275848935664,31772.230209588553,314744.6188279048,False
338,2022-05-06,255781.12889647306,31088.15203672256,31744.66875687662,318613.9496900722,False
339,2022-05-09,259435.14502356556,31331.028224509457,31741.606373241968,322507.779621317,False
340,2022-05-10,263089.16115065804,31573.904412296346,31824.290731377765,326487.3562943322,False
341,2022-05-11,263089.16115065804,31573.904412296346,31802.854045935146,326465.91960888956,False
342,2022-05-12,263089.16115065804,31573.904412296346,32109.09240940106,326772.1579723555,False
343,2022-05-13,266743.1772777505,31573.904412296346,32020.283283995945,330337.3649740428,False
344,2022-05-16,163163.58223234053,32629.464259801065,130284.46015896076,326077.50665110233,True
345,2022-05-17,258680.8088603927,32365.361054077475,32365.361054077468,323411.5309685476,True
346,2022-05-18,257393.4805411345,32174.348382664302,32174.348382664302,321742.1773064631,True
347,2022-05-19,260224.77646733698,32527.84125194863,32526.36919454718,325278.9869138328,True
348,2022-05-20,256610.54346084618,32275.68744379399,32662.52903443869,321548.7599390788,False
349,2022-05-23,256967.0619045627,32120.994359330245,32120.994359330245,321209.0506232232,True
350,2022-05-24,255157.4347080517,32120.994359330245,32051.768078383415,319330.19714576536,False
351,2022-05-25,255157.4347080517,32120.994359330245,32114.70106106235,319393.1301284443,False
352,2022-05-26,255157.4347080517,32120.994359330245,32042.328130981572,319320.75719836354,False
353,2022-05-27,255157.4347080517,32120.994359330245,31991.98174483842,319270.41081222036,False
354,2022-05-31,251538.18031502966,31870.049090897974,32017.154937909996,315425.3843438376,False
355,2022-06-01,251538.18031502966,31619.103822465713,32268.88686862575,315426.17100612115,False
356,2022-06-02,251538.18031502966,31870.049090897974,32023.44823617789,315431.67764210555,False
357,2022-06-03,249728.55311851867,31619.103822465713,32139.874254133927,313487.53119511827,False
358,2022-06-06,251538.18031502966,31619.103822465713,32234.273728152337,315391.5578656477,False
359,2022-06-07,251538.18031502966,31619.103822465713,32196.51393854497,315353.79807604034,False
360,2022-06-08,249728.55311851867,31368.15855403344,32265.740219491807,313362.45189204393,False
361,2022-06-09,157818.49824904779,126018.3572305694,31563.69964980957,315400.55512942676,True
362,2022-06-10,160089.26800802688,127018.50292287549,31848.084853009754,318955.85578391206,False
363,2022-06-13,256861.0771424217,32137.577155890816,32137.56439612146,321136.218694434,True
364,2022-06-14,260478.838792315,32388.651977421214,32272.13356565223,325139.6243353884,False
365,2022-06-15,261470.72249002967,32683.102801650915,32682.536604596466,326836.36189627706,True
366,2022-06-16,257864.22976602925,32683.102801650915,32207.029938515894,322754.3625061961,False
367,2022-06-17,256060.98340402904,32936.460187710225,32539.573816101652,321537.01740784093,False
368,2022-06-21,257864.22976602925,32936.460187710225,32458.768761735024,323259.45871547447,False
369,2022-06-22,259667.47612802946,32683.102801650915,32384.179480781208,324734.7584104616,False
370,2022-06-23,261470.72249002967,32936.460187710225,32455.660875028618,326862.8435527685,False
371,2022-06-24,163394.12713590733,32678.825427181477,130469.6197806738,326542.5723437626,True
372,2022-06-27,162267.27108669418,32427.449846972388,130156.56281795983,324851.2837516264,False
373,2022-06-28,162267.27108669418,32427.449846972388,130870.3326929477,325565.0536266143,False
374,2022-06-29,163394.12713590733,32427.449846972388,131621.66940346122,327443.24638634094,False
375,2022-06-30,261288.65259096166,32691.070778782752,32691.731068898152,326671.4544386426,True
376,2022-07-01,261449.17931574618,32681.19767328542,32681.19767328542,326811.57466231706,True
377,2022-07-05,261449.17931574618,32681.197673285416,33103.93334796364,327234.3103369953,False
378,2022-07-06,265024.27965146623,33127.55152210489,33128.034956433294,331279.8661300044,True
379,2022-07-07,265024.27965146623,33127.55152210489,33137.31451804574,331289.14569161687,False
380,2022-07-08,263221.3933953338,33127.55152210489,33100.19627159596,329449.1411890346,False
381,2022-07-11,263221.3933953338,32872.724202704085,33412.60817921498,329506.72577725287,False
382,2022-07-12,266827.1659075987,33127.55152210489,33428.07411523572,333382.7915449393,False
383,2022-07-13,166674.38324284682,33334.35865969873,133089.79911520914,333098.5410177547,True
384,2022-07-14,167800.56150800118,33334.35865969873,133804.80544613564,334939.72561383556,False
385,2022-07-15,166674.38324284682,33590.77680323487,133213.07606881714,333478.2361148988,False
386,2022-07-18,264747.5588232577,33124.50287263132,33124.50287263132,330996.5645685203,True
387,2022-07-19,264626.9552444065,33078.369405550824,33077.95282346263,330783.2774734199,True
388,2022-07-20,261640.45330347985,32705.24885597091,32705.24885597091,327050.95101542166,True
389,2022-07-21,261599.22258069355,32699.902822586708,32699.78645347246,326998.9118567527,True
390,2022-07-22,259795.09001117153,32699.902822586708,32644.731158723374,325139.7239924816,False
391,2022-07-25,261599.22258069355,32699.902822586708,32568.265471571864,326867.39087485214,False
392,2022-07-26,259795.09001117153,32699.902822586708,32785.42802308215,325280.4208568404,False
393,2022-07-27,259795.09001117153,32699.902822586708,32559.08958911368,325054.0824228719,False
394,2022-07-28,257990.95744164952,32446.41520380697,32528.503314253074,322965.8759597095,False
395,2022-07-29,257990.95744164952,32446.41520380697,32390.865077380357,322828.23772283684,False
396,2022-08-01,257990.95744164952,32446.41520380697,32253.226840507632,322690.5994859641,False
397,2022-08-02,256186.82487212747,32446.41520380697,32494.85841190641,321128.09848784085,False
398,2022-08-03,261599.22258069355,32699.902822586708,32577.441354030045,326876.5667573103,False
399,2022-08-04,259795.09001117153,32699.902822586708,32326.633900173085,324821.6267339313,False
400,2022-08-05,259795.09001117153,32699.902822586708,32611.08625637671,325106.07909013494,False
401,2022-08-08,261599.22258069355,32699.902822586708,32556.03096162762,326855.15636490786,False
402,2022-08-09,161612.74041673072,32322.548083346155,129048.45458455509,322983.743084632,True
403,2022-08-10,162742.89944062394,32322.548083346155,127629.00650836885,322694.4540323389,False
404,2022-08-11,254896.66054468486,31891.99621891852,31891.996218918517,318680.6529825219,True
405,2022-08-12,254896.66054468486,31891.996218918524,32055.871734745102,318844.5284983485,False
406,2022-08-15,254896.66054468486,31891.996218918524,32335.06705800521,319123.7238216086,False
407,2022-08-16,256704.4382790443,32141.15243937882,32319.89339913238,321165.4841175555,False
408,2022-08-17,160468.78550975857,128133.97158207247,32093.757101951724,320696.5141937828,True
409,2022-08-18,259143.89607950786,32423.173280781863,32423.034947400916,323990.10430769064,True
410,2022-08-19,260798.29125241094,32599.345149694967,32599.786406551382,325997.4228086573,True
411,2022-08-22,261211.2387634772,32651.534133897203,32651.534133897203,326514.30703127163,True
412,2022-08-23,261211.23876347716,32651.534133897203,32522.78438903177,326385.5572864061,False
413,2022-08-24,259409.78194441873,32651.534133897203,32540.749469710667,324602.06554802664,False
414,2022-08-25,261211.23876347716,32651.534133897203,32477.871687334526,326340.64458470885,False
415,2022-08-26,259409.78194441873,32400.368486713378,32576.679631068462,324386.8300622006,False
416,2022-08-29,263012.69558253564,32902.69978108103,32588.656351521062,328504.0517151377,False
417,2022-08-30,261211.23876347716,32651.534133897203,32567.697090729012,326430.4699881034,False
418,2022-08-31,263012.69558253564,32902.69978108103,32546.737829936967,328462.1331935536,False
419,2022-09-01,263012.69558253564,32902.69978108103,32843.16166113878,328758.5570247554,False
420,2022-09-02,264814.1524015941,32902.69978108103,32795.25477932839,330512.1069620035,False
421,2022-09-06,264814.1524015941,32902.69978108103,32998.85902702256,330715.7112096977,False
422,2022-09-07,268417.06603971106,33153.86542826485,32888.07436283603,334459.0058308119,False
423,2022-09-08,266615.60922065255,32902.69978108103,32849.15002136508,332367.45902309864,False
424,2022-09-09,166077.4361175325,33214.705743630824,132611.54203203935,331903.6838932027,True
425,2022-09-12,262625.1255336292,32859.0711677231,32859.0711677231,328343.2678690754,True
426,2022-09-13,260826.3233039468,32859.0711677231,33311.0236835535,326996.4181552234,False
427,2022-09-14,266279.7110416748,33284.98172023014,33284.92553074439,332849.6182926493,True
428,2022-09-15,266299.07195921236,33287.384039473734,33287.390056551514,332873.8460552376,True
429,2022-09-16,269897.7080667693,33287.384039473734,33293.45664850642,336478.5487547494,False
430,2022-09-19,268098.39001299086,33539.56119128793,33287.390056551514,334925.3412608303,False
431,2022-09-20,267855.00985274697,33481.39030500714,33481.75408806052,334818.1542458146,True
432,2022-09-21,267855.00985274697,33988.68409750725,33609.33834424802,335453.03229450225,False
433,2022-09-22,271613.77202883456,33951.772659788534,33951.455967424605,339517.0006560477,True
434,2022-09-23,269815.00532665686,33951.772659788534,34512.48586396759,338279.263850413,False
435,2022-09-26,275211.30543318996,34203.26727208326,34789.95173671439,344204.5244419876,False
436,2022-09-27,277010.0721353677,34454.76188437799,34793.00081223908,346257.8348319848,False
437,2022-09-28,278808.8388375454,34454.76188437799,34332.590408010874,347596.1911299343,False
438,2022-09-29,277010.0721353677,34203.26727208326,34225.872764646716,345439.2121720977,False
439,2022-09-30,277010.0721353677,34454.76188437799,34186.23478282575,345651.06880257145,False
440,2022-10-03,174693.640512404,34938.14728670318,139490.8738037029,349122.6616028101,True
441,2022-10-04,172453.97845455265,34431.797326026324,137393.82979484185,344279.6055754208,False
442,2022-10-05,275960.4845992186,34526.59554081976,34527.46710765474,345014.54724769306,True
443,2022-10-06,275960.4845992186,34782.348100381394,34897.393153014506,345640.2258526145,False
444,2022-10-07,279544.3869966111,35038.10065994302,35065.25875342986,349647.74640998396,False
445,2022-10-10,281336.3381953073,35038.10065994302,35170.951909246935,351545.3907644972,False
446,2022-10-11,284327.9317594325,35540.37401045653,35540.129082801,355408.43485269,True
447,2022-10-12,285782.4409330818,35722.349323918395,35722.427138753956,357227.2173957541,True
448,2022-10-13,284110.4752800908,35513.84515658561,35513.61019454898,355137.9306312254,True
449,2022-10-14,284110.4752800908,35513.84515658561,35813.876567678395,355438.19700435485,False
450,2022-10-17,287094.281318547,35886.496362172424,35885.60011262038,358866.3777933398,True
451,2022-10-18,283527.8927307389,35370.14389652966,35914.42646044379,354812.4630877124,False
452,2022-10-19,282638.9742191194,35330.151763436304,35330.151763436304,353299.27774599206,True
453,2022-10-20,285682.87955528393,35710.05432588771,35709.33188900517,357102.2657701768,True
454,2022-10-21,283897.3615580634,35710.05432588771,35434.10936292938,355041.5252468805,False
455,2022-10-24,280756.22345963074,35094.662527860135,35094.662527860135,350945.548515351,True
456,2022-10-25,282544.47966001055,35352.71151703558,34768.75441973464,352665.9455967808,False
457,2022-10-26,280756.22345963074,35094.662527860135,34377.037943622265,350227.92393111315,False
458,2022-10-27,275391.45485849126,35094.662527860135,34655.94007461428,345142.0574609657,False
459,2022-10-28,277179.7110588711,35094.662527860135,34681.00992908546,346955.3835158167,False
460,2022-10-31,278967.96725925093,35094.662527860135,34950.51086465078,349013.14065176185,False
461,2022-11-01,278967.96725925093,35094.662527860135,34934.842205606285,348997.47199271736,False
462,2022-11-02,278967.96725925093,35094.662527860135,34894.1036920906,348956.7334792017,False
463,2022-11-03,282544.47966001055,35352.71151703558,35389.23331789665,353286.4244949428,False
464,2022-11-04,284332.73586039036,35352.71151703558,34746.81829707234,354432.2656744983,False
465,2022-11-07,277179.7110588711,34836.613538684695,34508.654679596024,346524.9792771518,False
466,2022-11-08,275391.45485849126,34836.613538684695,34351.96808915107,344580.036486327,False
467,2022-11-09,275391.45485849126,34578.56454950925,34643.405147378675,344613.4245553792,False
468,2022-11-10,277179.7110588711,34836.613538684695,33910.1119040963,345926.4365016521,False
469,2022-11-11,270026.68625735183,34320.515560333806,33308.435396787696,337655.63721447333,False
470,2022-11-14,266450.1738565922,34320.515560333806,33424.38347371695,334195.072890643,False
471,2022-11-15,266450.1738565922,34320.515560333806,33342.906446685585,334113.5958636116,False
472,2022-11-16,264661.9176562124,34320.515560333806,33305.3016649788,332287.734881525,False
473,2022-11-17,264661.9176562124,34320.515560333806,33433.78466914366,332416.21788568987,False
474,2022-11-18,266450.1738565922,34320.515560333806,33508.994232557234,334279.68364948325,False
475,2022-11-21,268238.430056972,34578.56454950925,33794.163827167045,336611.15843364835,False
476,2022-11-22,270026.68625735183,34578.56454950925,33599.872455015306,338205.1232618764,False
477,2022-11-23,268238.430056972,34578.56454950925,33242.627028800816,336059.6216352821,False
478,2022-11-25,264661.9176562124,34320.515560333806,33205.02224709403,332187.4554636402,False
479,2022-11-28,167229.6946717181,33445.938934343634,133533.0297771007,334208.66338316246,True
480,2022-11-29,268354.20272104716,33575.584708303744,33575.58470830374,335505.37213765463,True
481,2022-11-30,268384.4222335637,33548.06224052944,33547.447786554694,335479.9322606478,True
482,2022-12-01,263385.15370857413,32923.25956102808,32923.25956102808,329231.6728306303,True
483,2022-12-02,263385.15370857413,32923.25956102808,32866.67418223513,329175.0874518374,False
484,2022-12-05,164703.85811565974,131516.14136242864,32940.77162313196,329160.7711012203,True
485,2022-12-06,166944.72693355987,133479.06884544998,33031.50031313773,333455.29609214753,False
486,2022-12-07,266395.0069225173,33330.51244673105,33329.390189184596,333054.90955843293,True
487,2022-12-08,266360.2077703434,33295.02597129294,33294.850367045205,332950.08410868153,True
488,2022-12-09,264572.5553692002,33295.02597129294,33307.561964016495,331175.1433045096,False
489,2022-12-12,164867.0000232863,131647.86930217568,32973.40000465727,329488.26933011925,True
490,2022-12-13,263187.0988560039,32928.81895266475,32928.02917254413,329043.94698121276,True
491,2022-12-14,260334.92565808483,32542.086248570326,32542.086248570326,325419.0981552255,True
492,2022-12-15,162833.42037055083,130022.5773660867,32566.684074110177,325422.6818107477,True
493,2022-12-16,65953.64546883071,230588.2673372738,32975.90697290105,329517.8197790056,True
494,2022-12-19,66396.2873847289,230588.26733727384,32982.206095531976,329966.7608175347,False
495,2022-12-20,65953.64546883071,228905.1412983156,32745.988996872227,327604.77576401853,False
496,2022-12-21,66396.2873847289,228905.1412983156,32805.83066186603,328107.2593449105,False
497,2022-12-22,65953.64546883071,228905.1412983156,32890.86881738355,327749.65558452986,False
498,2022-12-23,32815.45027646426,262439.6085882757,32815.45027646426,328070.50914120424,True
499,2022-12-27,130790.33581833969,163796.0361985359,32759.207239707193,327345.5792565828,True
500,2022-12-28,131674.05430359874,162591.65357942902,32847.252718946176,327112.96060197393,False
501,2022-12-29,130790.33581833969,163796.0361985359,32652.294872059847,327238.66688893543,False
502,2022-12-30,130790.33581833969,163796.0361985359,32551.671467215285,327138.0434840909,False
503,2023-01-03,129906.61733308063,163796.0361985359,32866.119607354536,326568.77313897107,False
504,2023-01-04,131674.05430359874,165000.41881764279,32781.21860951694,329455.69173075847,False
505,2023-01-05,129022.89884782159,162591.65357942902,33029.63264022695,324644.1850674775,False
506,2023-01-06,130790.33581833969,163796.0361985359,32664.872797665415,327251.244814541,False
507,2023-01-09,32191.46097572276,64382.92195144552,224858.14814667686,321432.5310738451,True
508,2023-01-10,32191.460975722763,64382.92195144552,225382.08946274678,321956.472389915,False
509,2023-01-11,32184.731794906726,32184.731794906726,257397.39238109678,321766.8559709102,True
510,2023-01-12,32184.731794906726,32184.73179490673,255052.6540456163,319422.1176354298,False
511,2023-01-13,127391.15450425612,31907.543384365115,159537.71692182551,318836.4148104468,True
512,2023-01-17,127391.15450425612,31907.54338436512,159834.31346013417,319133.01134875545,False
513,2023-01-18,126506.49370908768,31907.54338436512,159787.48242776966,318201.51952122245,False
514,2023-01-19,127391.15450425612,32145.659379770823,159319.1721041244,318855.98598815134,False
515,2023-01-20,128275.81529942456,32145.659379770823,159241.12038351686,319662.5950627122,False
516,2023-01-23,126506.49370908768,31907.54338436512,159444.05485709646,317858.0919505493,False
517,2023-01-24,125621.83291391924,31907.54338436512,159100.62728642326,316630.0035847076,False
518,2023-01-25,125621.83291391924,31907.54338436512,158663.537651021,316192.91394930537,False
519,2023-01-26,31562.04600365671,220462.05043333548,63124.09200731342,315148.18844430556,True
520,2023-01-27,31562.04600365671,218816.81125099715,63179.87724180535,313558.73449645925,False
521,2023-01-30,156574.71987773565,125510.2708300156,31377.567707503906,313462.55841525516,True
522,2023-01-31,157685.17888396073,126453.95707685781,31322.347115136377,315461.48307595495,False
523,2023-02-01,157685.17888396073,125510.27083001558,31052.37977467291,314247.8294886492,False
524,2023-02-02,155464.26087151057,125510.27083001558,31214.973741088408,312189.50544261455,False
525,2023-02-03,250691.38506810178,31365.88982992286,31365.889829922868,313423.1647279475,True
526,2023-02-06,255364.95174328453,31919.82222773494,31919.766008339415,319204.5399793589,True
527,2023-02-07,256735.5031099133,32091.507868517387,32091.36149747699,320918.3724759077,True
528,2023-02-08,255312.39157161635,31914.15773731062,31914.15773731062,319140.7070462376,True
529,2023-02-09,255312.39157161635,31914.157737310616,31855.520371774513,319082.0696807015,False
530,2023-02-10,255312.39157161635,31914.157737310616,31982.053634247164,319208.60294317413,False
531,2023-02-13,257085.3942908637,31914.157737310616,31895.64067450974,320895.1927026841,False
532,2023-02-14,253539.38885236904,31675.99238106203,31858.606548907992,317073.98778233904,False
533,2023-02-15,253539.38885236904,31675.99238106203,32071.55277111807,317286.9340045491,False
534,2023-02-16,257085.3942908637,31914.157737310616,32053.035708317195,321052.5877364915,False
535,2023-02-17,258858.39701011102,32152.323093559204,32053.035708317195,323063.7558119874,False
536,2023-02-21,257085.3942908637,32152.323093559204,32151.79337658854,321389.51076101145,False
537,2023-02-22,258858.39701011102,32152.323093559204,32278.32663906119,323289.0467427314,False
538,2023-02-23,260631.39972935835,32152.323093559204,32281.41281619467,325065.1356391122,False
539,2023-02-24,260631.39972935835,32152.323093559204,32469.66962133691,325253.3924442545,False
540,2023-02-27,262404.4024486057,32390.488449807795,32303.01605612903,327097.9069545425,False
541,2023-02-28,262404.4024486057,32390.488449807795,32364.739598798616,327159.6304972121,False
542,2023-03-01,264177.40516785305,32390.488449807795,32244.37869059292,328812.2723082538,False
543,2023-03-02,262404.4024486057,32390.488449807795,32414.118432934287,327209.00933134777,False
544,2023-03-03,262404.4024486057,32390.488449807795,32256.723399126833,327051.61429754033,False
545,2023-03-06,262404.4024486057,32390.488449807795,32204.258387857684,326999.1492862712,False
546,2023-03-07,264177.40516785305,32390.488449807795,32596.202883809576,329164.0965014704,False
547,2023-03-08,269496.4133255951,32628.653806056383,32608.54759234349,334733.6147239949,False
548,2023-03-09,269496.4133255951,32866.819162304964,32500.53139267171,334863.76388057176,False
549,2023-03-10,167319.2364749139,33462.355657507556,133601.5975271185,334383.18965953996,True
550,2023-03-13,166218.45202442104,33462.355657507556,132349.6414592606,332030.4491411892,False
551,2023-03-14,264301.32224593265,33068.71838525986,33068.718385259854,330438.75901645236,True
552,2023-03-15,262539.31343095977,33068.71838525986,33403.87431484019,329011.9061310598,False
553,2023-03-16,266162.85963850346,33270.38861590832,33270.38861590832,332703.63687032013,True
554,2023-03-17,264400.19169387757,33029.29884332928,33044.16781608745,330473.6583532943,False
555,2023-03-20,262858.6329451481,32857.39834453968,32857.39834453968,328573.4296342275,True
556,2023-03-21,262858.6329451481,32857.39834453968,32851.035564070175,328567.06685375795,False
557,2023-03-22,264033.36979308486,33003.80452126926,33003.06531033544,330040.23962468957,True
558,2023-03-23,262273.14732779766,33003.80452126926,33061.10685167262,328338.0587007396,False
559,2023-03-24,264033.36979308486,33003.80452126926,33251.35412605561,330288.52844040975,False
560,2023-03-27,264033.36979308486,33003.80452126926,33167.516344124124,330204.69065847824,False
561,2023-03-28,264033.36979308486,33003.80452126926,33028.861550929745,330066.03586528386,False
562,2023-03-29,262273.14732779766,32762.90083863226,33096.57668248979,328132.6248489197,False
563,2023-03-30,264033.36979308486,32762.90083863226,32935.3501787754,329731.6208104925,False
564,2023-03-31,262273.14732779766,32521.997155995257,33054.65779152405,327849.802275317,False
565,2023-04-03,264033.36979308486,32521.997155995257,32919.227528403964,329474.5944774841,False
566,2023-04-04,258752.70239722318,32281.09347335825,32758.001024689573,323791.796895271,False
567,2023-04-05,260512.9248625104,32281.09347335825,32841.838806621054,325635.8571424897,False
568,2023-04-06,262273.14732779766,32521.997155995257,32832.165216398185,327627.30970019114,False
569,2023-04-10,264033.36979308486,32521.997155995257,33077.229502044065,329632.5964511242,False
570,2023-04-11,264033.36979308486,32521.997155995257,32954.69735922113,329510.06430830125,False
571,2023-04-12,264033.36979308486,32521.997155995257,32728.980254020982,329284.34720310115,False
572,2023-04-13,262273.14732779766,32281.09347335825,32570.978280380885,327125.2190815368,False
573,2023-04-14,258752.70239722318,32040.189790721248,32745.10290439242,323537.99509233685,False
574,2023-04-17,163738.3464298171,130744.05741840194,32747.669285963428,327230.0731341824,True
575,2023-04-18,163738.3464298171,130744.05741840194,32635.40989076179,327117.8137389808,False
576,2023-04-19,260626.14251122356,32608.946171068324,32608.946171068324,325844.03485336027,True
577,2023-04-20,262245.4399987842,32780.67999984804,32780.14706694536,327806.2670655776,True
578,2023-04-21,260485.40348872525,32780.67999984804,32773.70948896678,326039.7929775401,False
579,2023-04-24,163824.27320255115,130813.87527616446,32764.498792469258,327402.6472711849,True
580,2023-04-25,261808.59546805907,32756.752042741748,32756.752042741748,327322.09955354256,True
581,2023-04-26,265322.80480320076,32999.39465046576,32631.333494767376,330953.5329484339,False
582,2023-04-27,264770.54442323785,33096.075895841466,33095.18042192496,330961.8007410043,True
583,2023-04-28,264770.54442323785,33096.075895841466,33150.61077337055,331017.23109244986,False
584,2023-05-01,264770.54442323785,33096.075895841466,33307.120000981624,331173.7403200609,False
585,2023-05-02,264770.54442323785,33096.075895841466,33245.1684317189,331111.7887507982,False
586,2023-05-03,263017.0971091766,33096.075895841466,33043.01067938794,329156.18368440605,False
587,2023-05-04,264770.54442323785,33096.075895841466,33062.57433283932,330929.19465191866,False
588,2023-05-05,261692.5217706076,32711.699495529952,32711.699495529952,327115.9207616675,True
589,2023-05-08,259936.1961211404,32469.39061037788,32763.412487519727,325168.999219038,False
590,2023-05-09,258790.66459286466,32349.024305755564,32349.024305755564,323488.71320437576,True
591,2023-05-10,260551.14530438074,32349.024305755567,32307.63691121026,325207.80652134656,False
592,2023-05-11,258790.66459286466,32349.024305755567,32492.288363796997,323631.97726241726,False
593,2023-05-12,262073.38828009643,32758.751952165858,32758.99989576524,327591.14012802753,True
594,2023-05-15,263832.270080634,33001.40937403375,32679.23996224419,329512.9194169119,False
595,2023-05-16,262042.28428794997,32755.285535993757,32755.199163989222,327552.76898793294,True
596,2023-05-17,263800.95733686234,32755.285535993757,32857.39947339324,329413.6423462493,False
597,2023-05-18,263709.76441845647,32963.199790446,32963.72055230707,329636.68476120953,True
598,2023-05-19,265467.8295145795,32963.199790446,32842.78780650792,331273.81711153337,False
599,2023-05-22,263709.76441845647,32963.199790446,32842.78780650792,329515.75201541034,False
600,2023-05-23,263709.76441845647,32963.199790446,32935.078586196745,329608.0427950992,False
601,2023-05-24,265467.8295145795,32963.199790446,33062.37621335375,331493.40551837924,False
602,2023-05-25,268983.9597068256,33207.3716407456,33164.214315079356,335355.5456626506,False
603,2023-05-26,270742.02480294864,33207.3716407456,33164.214315079356,337113.61075877363,False
604,2023-05-30,268983.9597068256,33207.3716407456,33151.48455236366,335342.81589993485,False
605,2023-05-31,268983.9597068256,33207.3716407456,33199.22116254753,335390.55251011875,False
606,2023-06-01,168453.37605732173,33689.46770769939,134508.34655377196,336651.19031879306,True
607,2023-06-02,166265.6698747591,33194.03435905675,135105.81506878484,334565.51930260065,False
608,2023-06-05,267378.3774026993,33453.30484748416,33453.95424106438,334285.63649124786,True
609,2023-06-06,265619.30913031317,33453.30484748416,33495.77168386571,332568.385661663,False
610,2023-06-07,264637.7862538172,33079.9667210169,33079.9667210169,330797.71969585103,True
611,2023-06-08,264637.7862538172,33079.9667210169,32838.460719979696,330556.21369481384,False
612,2023-06-09,263088.9575651362,32886.187141833434,32886.187141833434,328861.33184880303,True
613,2023-06-12,261323.25986335674,32640.767834804825,32908.41612116839,326872.44381932996,False
614,2023-06-13,261323.25986335674,32886.187141833434,32816.32463535213,327025.7716405423,False
615,2023-06-14,261323.25986335674,32640.767834804825,32711.530875630186,326675.55857379176,False
616,2023-06-15,259557.5621615773,32640.767834804825,32428.905281228566,324627.2352776107,False
617,2023-06-16,256026.16675801843,32395.34852777622,32486.065513804173,320907.58079959877,False
618,2023-06-20,257791.8644597979,32395.34852777622,32562.27915723832,322749.4921448124,False
619,2023-06-21,259557.5621615773,32395.34852777622,32413.02743884645,324365.9381282,False
620,2023-06-22,259557.5621615773,32395.34852777622,32514.645630091974,324467.5563194455,False
621,2023-06-23,163074.89435324696,130214.29412629649,32614.978870649404,325904.16735019285,True
622,2023-06-26,165278.60914180434,131208.2963715354,32548.41768928073,329035.3232026205,False
623,2023-06-27,262932.9509077931,32897.193160131705,32896.163386462365,328726.3074543872,True
624,2023-06-28,263088.5021049617,32886.111464164765,32886.111464164765,328860.7250332912,True
625,2023-06-29,266596.34879969456,33135.24867222662,33023.523065851594,332755.1205377728,False
626,2023-06-30,264691.0284709756,33086.37855887196,33085.87820405253,330863.28523390007,True
627,2023-07-03,262938.1077526247,33086.37855887196,33111.59844753057,329136.0847590273,False
628,2023-07-05,261803.70315244774,32725.65654335966,32725.65654335966,327255.0162391671,True
629,2023-07-06,263357.3537599864,32919.669219998315,32919.02629660288,329196.04927658755,True
630,2023-07-07,265113.06945171964,33167.18552992311,32631.858285873575,330912.11326751637,False
631,2023-07-10,263050.52687649213,32881.31585956153,32880.45344829583,328812.2961843495,True
632,2023-07-11,263050.52687649213,32881.31585956153,32803.06491414274,328734.90765019646,False
633,2023-07-12,261075.07387136336,32634.38349360054,32633.830863711108,326343.288228675,True
634,2023-07-13,258075.08647179214,32259.543722502705,32259.543722502705,322594.17391679756,True
635,2023-07-14,255105.703045615,31888.38252441758,31888.38252441758,318882.4680944502,True
636,2023-07-17,256865.05272179164,32131.805291779547,31866.040548872497,320862.8985624437,False
637,2023-07-18,258624.40239796828,32131.805291779547,31897.957656794046,322654.1653465419,False
638,2023-07-19,161381.3417567376,128862.79175583749,32275.594291579302,322519.7278041544,True
639,2023-07-20,162479.17401358613,128862.79175583749,32468.70714134942,323810.6729107731,False
640,2023-07-21,162479.17401358613,128862.79175583749,32529.859543776623,323871.82531320024,False
641,2023-07-24,259806.7952174782,32505.977689994164,32505.97768999416,324818.75059746654,True
642,2023-07-25,259806.7952174782,32505.977689994164,32505.977689994164,324818.75059746654,False
643,2023-07-26,256945.53210914074,32118.387529979365,32118.387529979365,321182.30716909945,True
644,2023-07-27,258568.30755813743,32320.532134122277,32321.038444767193,323209.8781370269,True
645,2023-07-28,260315.39071731403,32320.532134122277,32273.400086049354,324909.32293748565,False
646,2023-07-31,262062.47387649064,32565.38465028987,32349.6214599979,326977.4799867784,False
647,2023-08-01,260315.39071731403,32320.532134122277,32489.360645570247,325125.2834970066,False
648,2023-08-02,263809.55703566724,32565.38465028987,32581.461472424748,328956.4031583819,False
649,2023-08-03,267303.72335402045,32565.38465028987,32565.5820195188,332434.6900238291,False
650,2023-08-04,265556.6401948439,32810.23716645746,32400.435709296937,330767.3130705983,False
651,2023-08-07,265556.6401948439,32810.23716645746,32409.963381040503,330776.8407423418,False
652,2023-08-08,265556.6401948439,32810.23716645746,32562.40612893761,330929.28349023894,False
653,2023-08-09,267303.72335402045,32810.23716645746,32549.70256661285,332663.66308709077,False
654,2023-08-10,267303.72335402045,32810.23716645746,32559.230238356417,332673.1907588343,False
655,2023-08-11,269050.8065131971,32810.23716645746,32660.858736954488,334521.90241660905,False
656,2023-08-14,269050.8065131971,32810.23716645746,32772.01490729613,334633.05858695065,False
657,2023-08-15,269050.8065131971,33055.089682625054,32778.3666884585,334884.26288428064,False
658,2023-08-16,270797.88967237365,33055.089682625054,32845.06039066349,336698.0397456622,False
659,2023-08-17,272544.9728315503,33055.089682625054,32851.41217182587,338451.4746860012,False
660,2023-08-18,272544.9728315503,33055.089682625054,32832.35682833873,338432.419342514,False
661,2023-08-21,272544.9728315503,33055.089682625054,32816.47737543278,338416.5398896081,False
662,2023-08-22,272544.9728315503,33055.089682625054,32889.52285880014,338489.58537297545,False
663,2023-08-23,272544.9728315503,33299.94219879265,32826.00504717635,338670.92007751926,False
664,2023-08-24,269050.8065131971,33055.089682625054,33022.910263210106,335128.8064590323,False
665,2023-08-25,272544.9728315503,33299.94219879265,33054.66916902201,338899.58419936494,False
666,2023-08-28,272544.9728315503,33299.94219879265,33048.31738785963,338893.23241820256,False
667,2023-08-29,169365.63099928095,33871.694135453545,135236.14972696838,338473.4748617029,True
668,2023-08-30,167194.2767557004,33871.694135453545,134726.81029294117,335792.78118409513,False
669,2023-08-31,268661.4428171624,33614.448394201216,33614.448394201216,335890.33960556483,True
670,2023-09-01,268661.4428171624,33614.448394201216,33815.57711456798,336091.4683259316,False
671,2023-09-05,270615.4176472673,33826.99277257236,33826.99277257236,338269.40319241205,True
672,2023-09-06,273421.88186050684,34176.85892444848,34176.89924246549,341775.6400274208,True
673,2023-09-07,273472.53377038275,34184.06453189681,34184.082579748094,341840.6808820276,True
674,2023-09-08,273472.53377038275,34435.417947572525,34193.84388259782,342101.7956005531,False
675,2023-09-11,271950.9546524223,33993.938299639274,33993.938299639274,339938.8312517008,True
676,2023-09-12,270207.67930208624,33993.938299639274,34039.44993167475,338241.06753340026,False
677,2023-09-13,271950.9546524223,33993.938299639274,34058.95491683281,340003.84786889434,False
678,2023-09-14,271950.9546524223,33993.938299639274,34267.00809185212,340211.9010439137,False
679,2023-09-15,270207.67930208624,33743.982870965454,34237.75061411502,338189.4127871667,False
680,2023-09-18,270207.67930208624,33743.982870965454,34198.740643798905,338150.4028168506,False
681,2023-09-19,169075.2014084253,135006.52930012933,33815.04028168507,337896.7709902397,True
682,2023-09-20,169075.2014084253,134006.4809349432,33802.182851920166,336883.8651952887,False
683,2023-09-21,270105.51042479055,33794.82007092994,33794.82007092994,337695.15056665044,True
684,2023-09-22,271606.66641274793,33950.44351228752,33950.61981766024,339507.7297426957,True
685,2023-09-25,269865.5980383072,33950.44351228752,34085.67627080873,337901.71782140346,False
686,2023-09-26,271772.9799808572,33971.62152374295,33971.67456820923,339716.2760728094,True
687,2023-09-27,271885.3068622914,33985.6633553533,33985.698525863285,339856.668743508,True
688,2023-09-28,275371.0159246285,33985.6633553533,33842.32584060371,343199.0051205855,False
689,2023-09-29,271885.3068622914,33985.6633553533,33826.39554224154,339697.3657598862,False
690,2023-10-02,270749.5507947481,33843.88392392897,33843.88392392897,338437.318642606,True
691,2023-10-03,273769.0981659625,34220.816468224446,34220.27382583453,342210.18846002145,True
692,2023-10-04,276506.98381328816,34562.51712063449,34562.35595699716,345631.8568909198,True
693,2023-10-05,274992.0139794348,34374.07190012581,34374.07190012581,343740.15777968644,True
694,2023-10-06,273251.5581947548,34374.07190012581,34280.321492423034,341905.95158730366,False
695,2023-10-09,273534.3977155916,34191.88826780215,34191.88826780215,341918.17425119586,True
696,2023-10-10,271792.1404053012,33942.31244102987,34111.30783730676,339845.7606836378,False
697,2023-10-11,270479.14894473524,33810.02801561278,33810.02801561278,338099.20497596083,True
698,2023-10-12,272224.1757121206,33810.02801561278,34049.656828802246,340083.86055653566,False
699,2023-10-13,275078.4621161762,34383.99283266864,34384.03427193479,343846.4892207796,True
700,2023-10-16,275078.4621161762,34133.014782795144,34251.849986407426,343463.3268853788,False
701,2023-10-17,274773.2407138743,34346.12132228118,34346.42627959011,343465.7883157456,True
702,2023-10-18,273034.16957011557,34598.666332003835,34449.86963403217,342082.7055361516,False
703,2023-10-19,274974.16341023636,34371.833332546834,34371.76985461296,343717.7665973961,True
704,2023-10-20,274974.16341023636,34371.833332546834,34342.65494367729,343688.6516864605,False
705,2023-10-23,274974.16341023636,34371.833332546834,34142.08555723155,343488.08230001474,False
706,2023-10-24,274979.376205619,34372.42218286976,34372.42365776042,343724.2220462492,True
707,2023-10-25,273239.00040684926,34372.42218286976,34456.519170614636,342067.94176033366,False
708,2023-10-26,276657.78244005074,34582.22280500636,34581.965309704625,345821.9705547617,True
709,2023-10-27,275254.36352543905,34406.90081544717,34406.90081544717,344068.16515633336,True
710,2023-10-30,275254.36352543905,34656.22618367505,34264.83027904705,344175.4199881612,False
711,2023-10-31,273885.7346797169,34235.83376897617,34235.83376897617,342357.4022176692,True
712,2023-11-01,275630.2298050654,34483.91952092527,34306.44958961347,344420.5989156041,False
713,2023-11-02,272141.23955436837,34235.83376897617,34062.50402741188,340439.5773507564,False
714,2023-11-03,169919.20624781042,135680.65524894686,33983.15563752426,339583.0171342815,True
715,2023-11-06,166651.5292045833,135680.65524894686,34047.873130644664,336380.0575841748,False
716,2023-11-07,67514.56625084864,236049.588280658,33757.28312542433,337321.437656931,True
717,2023-11-08,68391.37879956096,237772.57797613723,33773.27577424251,339937.2325499407,False
718,2023-11-09,68391.37879956096,237772.57797613723,33875.62872667889,340039.5855023771,False
719,2023-11-10,68829.78507391713,237772.57797613723,33859.63607786071,340461.99912791507,False
720,2023-11-13,68829.78507391713,237772.57797613723,33795.66548258797,340398.0285326423,False
721,2023-11-14,68829.78507391713,237772.57797613723,33299.89336922424,339902.25641927856,False
722,2023-11-15,67514.56625084864,236049.588280658,33389.45220260608,336953.6067341127,False
723,2023-11-16,67514.56625084864,236049.588280658,33383.055143078804,336947.20967458544,False
724,2023-11-17,67952.9725252048,237772.57797613723,33207.13600607877,338932.68650742085,False
725,2023-11-20,67514.56625084864,236049.588280658,33095.18746435148,336659.3419958581,False
726,2023-11-21,66637.75370213632,236049.588280658,33127.172761987844,335814.5147447822,False
727,2023-11-22,66637.75370213632,236049.588280658,33239.12130371514,335926.4632865095,False
728,2023-11-24,66637.75370213632,236049.588280658,33072.79775600602,335760.13973880035,False
729,2023-11-27,66637.75370213632,234326.59858517873,33008.82716073328,333973.17944804835,False
730,2023-11-28,66199.34742778016,234326.59858517873,32864.893321369615,333390.8393343285,False
731,2023-11-29,65760.941153424,234326.59858517873,32871.29038089689,332958.8301194996,False
732,2023-11-30,66199.34742778016,234326.59858517873,33104.78305364239,333630.72906660126,False
733,2023-12-01,66199.34742778016,234326.59858517873,33031.21686907874,333557.16288203764,False
734,2023-12-04,33151.41125134569,132605.64500538274,165425.74472147148,331182.8009781999,True
735,2023-12-05,231943.4046065141,33205.823488804555,66411.64697760911,331560.8750729278,True
736,2023-12-06,267871.9197873114,33494.17074324491,33494.276887703185,334860.3674182595,True
737,2023-12-07,267731.35483598826,33466.41935449855,33465.99882664265,334663.77301712945,True
738,2023-12-08,265981.4766998053,33466.41935449855,33617.9113189019,333065.8073732058,False
739,2023-12-11,265981.4766998053,33466.41935449855,33647.00094507919,333094.89699938305,False
740,2023-12-12,166510.2784217983,132959.0240755491,33302.05568435967,332771.3581817071,True
741,2023-12-13,265712.12586990785,33245.07453417692,33244.41586687705,332201.6162709618,True
742,2023-12-14,262532.7033677131,32816.687103668046,32816.687103668046,328166.0775750492,True
743,2023-12-15,261089.36692658384,32636.110378312263,32636.266946430744,326361.74425132683,True
744,2023-12-18,261079.2114854858,32634.90143568574,32634.87304248328,326348.9859636548,True
745,2023-12-19,261079.21148548584,32634.90143568574,32526.631340849835,326240.74426202144,False
746,2023-12-20,259327.00201242883,32391.357395120922,32603.037247885204,324321.3966554349,False
747,2023-12-21,259327.00201242883,32634.90143568574,32421.5732186762,324383.4766667908,False
748,2023-12-22,257574.7925393719,32391.357395120922,32377.003106238895,322343.15304073173,False
749,2023-12-26,257574.7925393719,32391.357395120922,32303.780778663335,322269.9307131562,False
750,2023-12-27,257574.7925393719,32147.813354556103,32150.968964592586,321873.57485852065,False
751,2023-12-28,255822.58306631495,32147.813354556103,32227.374871627962,320197.77129249903,False
752,2023-12-29,255822.58306631495,32147.813354556103,32259.21066622603,320229.60708709713,False
