,Date,Govt,ESG,Shariah
0,2021-01-04,300000.0,300000.0,300000.0
1,2021-01-05,297771.99441411707,302176.0511433489,300000.0
2,2021-01-06,291659.26114002796,304573.39562330954,299853.0852105778
3,2021-01-07,289088.48546400917,309368.08458323084,298971.596474045
4,2021-01-08,288155.38910752826,311212.19572166214,299559.2556317335
5,2021-01-11,287679.31953789515,309368.08458323084,298530.8521057785
6,2021-01-12,287450.8061444712,309884.4357019916,298383.93731635634
7,2021-01-13,290688.0792179764,310437.669043521,299559.25563173345
8,2021-01-14,287964.961279675,309257.4379149249,298530.8521057785
9,2021-01-15,289107.5282467945,307376.4445537251,298677.76689520065
10,2021-01-19,290040.6246032754,309921.3179247602,299559.25563173345
11,2021-01-20,290326.26634505525,313941.48020654044,299118.511263467
12,2021-01-21,288288.6885870255,313904.59798377176,298971.5964740449
13,2021-01-22,289221.7849435064,313056.3068600934,299412.34084231127
14,2021-01-25,292630.44306207943,314162.7735431522,299706.1704211555
15,2021-01-26,292078.202361305,313130.07130563067,298824.6816846227
16,2021-01-27,292820.8708899327,305901.15564298007,298824.6816846227
17,2021-01-28,291202.23435318004,308446.0290140152,298971.59647404484
18,2021-01-29,289450.2983369302,302581.75559380377,298530.8521057784
19,2021-02-01,289450.2983369302,307782.14900418,299559.25563173334
20,2021-02-02,287584.1056239684,311728.5468404229,299265.4260528891
21,2021-02-03,285032.37273073493,312281.7801819523,298530.8521057784
22,2021-02-04,284270.66141932196,315970.0024588149,300293.8295788441
23,2021-02-05,281890.3135711564,317076.46914187365,299706.1704211555
24,2021-02-08,283128.0944522025,319731.98918121465,299559.25563173345
25,2021-02-09,283337.56506284105,319215.6380624539,299412.3408423113
26,2021-02-10,285222.8005585882,319289.4025079911,299853.08521057776
27,2021-02-11,283661.2923701916,320174.5758544381,299706.17042115564
28,2021-02-12,280138.3775549066,321871.15810179483,298677.76689520065
29,2021-02-16,275872.7942109939,321428.57142857136,297208.6190009793
30,2021-02-17,277624.73022724374,321059.74920088507,297502.44857982354
31,2021-02-18,276501.2060429096,319621.3425129087,299118.511263467
32,2021-02-19,272825.948965342,319547.57806737145,297502.44857982354
33,2021-02-22,270750.28564174165,316670.7646914186,296914.78942213504
34,2021-02-23,269969.53154754336,315933.1202360461,296767.87463271286
35,2021-02-24,268198.55274850817,319731.98918121454,296327.1302644465
36,2021-02-25,263818.71270788356,311433.4890582738,293976.4936336923
37,2021-02-26,272540.3072235621,309700.0245881484,294857.9823702251
38,2021-03-01,268617.4939697853,317334.6447012539,296327.13026444643
39,2021-03-02,268636.5367525706,315084.82911236776,295739.4711067578
40,2021-03-03,265722.99098641594,309773.78903368564,295004.89715964714
41,2021-03-04,264009.14053573675,304757.80673715257,294711.0675808029
42,2021-03-05,264523.29567094054,311138.4312761248,294123.40842311434
43,2021-03-08,262466.67513012554,309109.9090238504,292654.26052889304
44,2021-03-09,266103.8466421225,313867.7157610031,294270.3232125365
45,2021-03-10,266637.0445601116,315822.47356774024,295004.89715964714
46,2021-03-11,264713.7234987938,320137.69363166945,294857.982370225
47,2021-03-12,259096.10257712312,319805.75362675183,292801.1753183151
48,2021-03-15,260619.5251999491,322940.74256208504,293682.6640548479
49,2021-03-16,259572.17214675623,321981.80477010075,293682.6640548479
50,2021-03-17,257629.80830265314,322940.74256208504,295445.64152791357
51,2021-03-18,255020.9470610637,318072.28915662644,292948.0901077373
52,2021-03-19,256601.49803224564,317740.3491517088,293829.5788442701
53,2021-03-22,259476.9582328296,320690.92697319883,293682.6640548479
54,2021-03-23,261819.2205154245,318035.4069338578,293388.83447600366
55,2021-03-24,263228.38644153846,316265.06024096376,293682.66405484796
56,2021-03-25,261152.72311793812,317113.35136464215,293535.74926542584
57,2021-03-26,260238.66954424256,323051.38923039084,292801.17531831516
58,2021-03-29,258029.70674114494,322461.27366609283,292654.26052889304
59,2021-03-30,259381.744318903,321760.5114334889,293388.83447600366
60,2021-03-31,257934.49282721832,323899.68035406916,293829.5788442701
61,2021-04-01,261857.30608099513,327624.7848537004,294123.40842311434
62,2021-04-05,260714.73911387566,332087.5338087041,293829.5788442701
63,2021-04-06,262485.71791291086,331903.12269486097,294564.15279138077
64,2021-04-07,260657.61076551973,331718.7115810178,293388.83447600366
65,2021-04-08,262809.44522026135,333525.9404966805,294564.15279138077
66,2021-04-09,261857.30608099513,335960.16719940974,293682.66405484796
67,2021-04-12,261743.0493842832,336033.931644947,293829.57884427015
68,2021-04-13,263704.4560111716,337435.4561101547,295004.8971596472
69,2021-04-14,262866.5735686174,335960.1671994097,294564.1527913808
70,2021-04-15,267265.4563920274,340017.2117039585,295739.4711067579
71,2021-04-16,265189.793068427,340828.6206048683,294857.9823702251
72,2021-04-19,264428.08175701404,338689.451684288,294123.4084231144
73,2021-04-20,265646.8198552748,336771.57610031945,294711.06758080295
74,2021-04-21,266180.01777326385,340275.38726333884,295445.6415279136
75,2021-04-22,267341.62752316863,337730.5138923036,295886.38589618006
76,2021-04-23,266713.21569125296,341049.91394148,295592.5563173358
77,2021-04-26,266332.3600355465,341750.6761740839,295592.5563173358
78,2021-04-27,264009.1405357368,341160.5606097859,293535.74926542595
79,2021-04-28,264180.52558080474,340717.97393656237,295151.81194906944
80,2021-04-29,263399.77148660645,342414.5561839192,294270.3232125367
81,2021-04-30,264009.1405357368,339943.4472584213,295445.64152791374
82,2021-05-03,263780.627142313,340939.26727317413,294123.40842311457
83,2021-05-04,265570.64872413344,338283.7472338331,294857.98237022525
84,2021-05-05,266008.63272819587,339058.2739119743,294711.0675808031
85,2021-05-06,266446.6167322583,341308.0895008604,294564.152791381
86,2021-05-07,265132.6647200709,344479.96065896226,295004.8971596474
87,2021-05-10,262447.6323473402,341234.3250553232,294123.40842311457
88,2021-05-11,260962.29529008488,337988.6894516841,293388.8344760039
89,2021-05-12,258220.1345689982,330059.0115564296,292213.51616062684
90,2021-05-13,258620.03300749004,334152.93828374706,295004.8971596474
91,2021-05-14,261038.46642122624,339242.6850258174,295004.8971596474
92,2021-05-17,260486.2257204518,337730.51389230374,293829.5788442703
93,2021-05-18,259819.72832296544,335001.2294074255,293976.4936336925
94,2021-05-19,259191.31649104974,333968.527169904,292654.26052889327
95,2021-05-20,261324.10816300602,338468.1583476763,294417.2380019589
96,2021-05-21,262161.99060556025,338431.27612490766,293829.5788442704
97,2021-05-24,263133.17252761184,341713.79395131534,294123.4084231147
98,2021-05-25,265570.6487241334,341566.2650602408,294270.32321253687
99,2021-05-26,265113.6219372856,342193.26284730743,294417.238001959
100,2021-05-27,264047.22610130743,342598.9672977623,293682.6640548483
101,2021-05-28,263628.28488003026,343189.0828620603,294564.1527913812
102,2021-06-01,263190.30087596783,343004.67174821714,294711.0675808033
103,2021-06-02,263799.6699250982,343963.6095402014,295445.641527914
104,2021-06-03,262809.44522026135,342562.08507499355,293535.7492654262
105,2021-06-04,266408.53116668767,345770.83845586394,295445.641527914
106,2021-06-07,265589.6915069187,345733.95623309526,295151.8119490697
107,2021-06-08,267455.8842198805,345844.6029014011,295592.55631733616
108,2021-06-09,269817.18928526074,344996.31177772273,295298.72673849185
109,2021-06-10,271435.8258220133,346324.07179739326,294857.9823702254
110,2021-06-11,270997.8418179509,347209.24514384026,295004.8971596475
111,2021-06-14,268922.1784943505,348020.65404475003,294564.1527913811
112,2021-06-15,268598.451187,347430.538480452,294857.98237022536
113,2021-06-16,268369.9377935761,345217.6051143345,293682.66405484825
114,2021-06-17,272387.96496127953,344848.78288664826,294123.4084231147
115,2021-06-18,277510.4735305318,340312.2694861073,294123.4084231147
116,2021-06-21,272864.03453091264,345438.8984509462,293388.834476004
117,2021-06-22,273530.531928399,347172.3629210716,295298.7267384918
118,2021-06-23,272825.948965342,346582.2473567736,294711.06758080324
119,2021-06-24,273263.93296940444,348795.18072289106,295004.8971596475
120,2021-06-25,270426.5583343911,350307.35185640474,293241.9196865819
121,2021-06-28,273206.80462104845,351635.1118760752,294270.3232125368
122,2021-06-29,273663.83140789624,352335.87410867907,293976.49363369256
123,2021-06-30,274882.569506157,352372.75633144774,294564.15279138106
124,2021-07-01,274539.79941602115,354143.10302434175,293829.5788442704
125,2021-07-02,276196.5215183444,356651.09417260834,294711.0675808032
126,2021-07-06,279433.79459184955,355212.68748463196,294857.98237022536
127,2021-07-07,281909.3563539417,356983.034177526,294564.1527913811
128,2021-07-08,283013.83775549056,353405.4585689693,294417.23800195893
129,2021-07-09,279033.8961533578,357462.5030735181,294270.3232125368
130,2021-07-12,278672.0832804367,358458.323088271,293976.49363369256
131,2021-07-13,276539.2916084804,357462.5030735181,293388.83447600395
132,2021-07-14,279681.3507680589,357720.67863289843,294711.0675808032
133,2021-07-15,282766.28157928144,356687.9763953769,294857.98237022536
134,2021-07-16,282233.08366129233,354438.1608064907,294270.32321253687
135,2021-07-19,288421.98806652275,349237.7673961145,294417.238001959
136,2021-07-20,285641.7417798654,355175.80526186316,295004.89715964755
137,2021-07-21,282023.6130506538,357536.2675190552,293682.66405484837
138,2021-07-22,284689.6026405992,358421.4408655022,294857.9823702255
139,2021-07-23,282785.32436206675,362515.3675928196,294564.15279138123
140,2021-07-26,281947.44191951246,362847.30759773724,293976.4936336927
141,2021-07-27,284956.2015995937,361113.84312761185,292948.09010773775
142,2021-07-28,284975.24438237905,361150.7253503805,293682.66405484837
143,2021-07-29,283394.6934111971,363289.8942709608,294417.2380019591
144,2021-07-30,284727.68820616987,362404.7209245138,294123.40842311486
145,2021-08-02,286917.6082264821,361925.2520285217,294123.40842311486
146,2021-08-03,287069.95048876473,364433.2431767882,294270.32321253704
147,2021-08-04,287660.2767551098,363216.1298254236,294123.40842311486
148,2021-08-05,286193.98248063977,365613.4743053842,293682.6640548484
149,2021-08-06,281414.24400152336,365761.00319645874,293388.8344760041
150,2021-08-09,280404.97651390114,365355.2987460038,292507.3457394713
151,2021-08-10,279110.06728449906,365134.00540939206,292360.43095004914
152,2021-08-11,278938.68223943113,366424.883206294,293095.0048971598
153,2021-08-12,278481.6554525834,367273.17432997236,293241.919686582
154,2021-08-13,282880.5382759933,367937.0543398076,292801.17531831557
155,2021-08-16,283566.078456265,369117.2854684036,294123.40842311474
156,2021-08-17,283451.82175955304,366277.35431521945,293976.4936336927
157,2021-08-18,284403.96089881926,362699.77870666276,294270.323212537
158,2021-08-19,286498.66700520494,364027.53872633324,293829.57884427055
159,2021-08-20,286689.09483305825,367273.17432997224,294270.323212537
160,2021-08-23,286498.66700520494,370223.7521514623,294270.323212537
161,2021-08-24,284270.661419322,370961.39660683484,294564.15279138123
162,2021-08-25,281909.3563539418,372289.15662650537,293682.6640548484
163,2021-08-26,282690.11044814007,369965.576592082,293976.4936336928
164,2021-08-27,284613.4315094579,373506.26997787,294123.4084231149
165,2021-08-30,285356.1000380855,375055.3233341522,294123.4084231149
166,2021-08-31,283413.7361939824,374280.79665601114,294123.4084231149
167,2021-09-01,283527.99289069435,374538.9722153915,294270.3232125371
168,2021-09-02,284765.77377174044,375682.3211212189,294711.0675808035
169,2021-09-03,282175.95531293633,375940.49668059935,293682.6640548485
170,2021-09-07,279795.6074647708,373506.26997787005,293535.74926542636
171,2021-09-08,281699.8857433032,373543.1522006387,294123.40842311486
172,2021-09-09,285108.54386187624,372141.62773543096,294417.2380019591
173,2021-09-10,282594.8965342134,369891.8121465448,294123.40842311486
174,2021-09-13,284308.7469848926,369965.5765920821,294270.32321253704
175,2021-09-14,287755.4906690363,368674.6987951802,294564.1527913813
176,2021-09-15,286746.22318141407,371662.15883943887,294564.1527913813
177,2021-09-16,285432.2711692267,370629.45660191734,293976.4936336928
178,2021-09-17,284061.1908086833,367199.40988443524,293241.9196865821
179,2021-09-20,287584.10562396835,360708.13867715717,292948.09010773787
180,2021-09-21,287336.5494477591,360634.37423161994,293535.74926542636
181,2021-09-22,289050.3998984383,364138.1853946394,294417.23800195917
182,2021-09-23,282518.7254030721,368822.2276862548,292654.26052889356
183,2021-09-24,279757.52189920004,367900.1721170391,292801.1753183157
184,2021-09-27,278729.2116287926,366166.7076469137,291625.85700293863
185,2021-09-28,274387.45715373865,357757.56085566705,291038.1978452501
186,2021-09-29,274863.52672337176,358052.61863781605,291332.0274240943
187,2021-09-30,274825.44115780113,353884.92746496137,291038.19784525
188,2021-10-01,276786.84778468957,357720.67863289843,291478.94221351645
189,2021-10-04,276082.2648216326,353184.1652323575,291185.11263467214
190,2021-10-05,273416.2752316872,356761.7408409142,290891.2830558279
191,2021-10-06,274958.7406372984,358126.3830833533,290744.36826640577
192,2021-10-07,272083.2804367144,361113.84312761197,290891.28305582795
193,2021-10-08,270179.002158182,359896.72977624735,290744.36826640577
194,2021-10-11,269493.46197791037,358126.38308335334,290303.6238981394
195,2021-10-12,274101.81541195884,357794.4430784357,290597.4534769837
196,2021-10-13,276767.80500190426,359859.8475534787,291038.1978452501
197,2021-10-14,277796.1152723118,366461.76542906277,291332.0274240943
198,2021-10-15,276177.4787355592,368822.2276862548,290744.36826640577
199,2021-10-18,277472.3879649613,370223.7521514625,290597.4534769837
200,2021-10-19,273644.78862511105,372879.2721908035,290597.4534769837
201,2021-10-20,271797.6386949346,373985.73887386225,290891.28305582795
202,2021-10-21,271473.9113875841,375202.85222522693,290450.5386875615
203,2021-10-22,274463.62828488,375461.0277846073,290597.4534769837
204,2021-10-25,274044.6870636029,377231.3744775013,290891.28305582795
205,2021-10-26,276310.7782150565,377600.19670518755,290156.7091087173
206,2021-10-27,281338.07287038217,375313.4988935328,290744.36826640577
207,2021-10-28,280385.93373111595,379259.89672977565,290450.5386875615
208,2021-10-29,281242.85895645554,381104.0078682069,290303.6238981394
209,2021-11-01,278862.51110829,381657.24120973627,290156.7091087172
210,2021-11-02,280100.2919893361,382726.82567002636,290450.53868756146
211,2021-11-03,277205.78900596674,384497.17236292036,290156.7091087172
212,2021-11-04,280119.3347721214,387152.6924022614,291038.19784525
213,2021-11-05,284308.74698489276,387447.7501844104,291625.8570029386
214,2021-11-08,283775.54906690365,388332.9235308574,291625.8570029386
215,2021-11-09,287469.84892725653,387484.63240717904,291478.9422135164
216,2021-11-10,282214.040878507,384054.5856896969,290303.62389813934
217,2021-11-11,281795.0996572299,384275.8790263087,290156.70910871716
218,2021-11-12,280557.3187761839,387410.8679616419,290450.5386875614
219,2021-11-15,277034.4039608988,386820.75239734387,290156.70910871716
220,2021-11-16,276329.82099784183,389623.8013277594,290156.70910871716
221,2021-11-17,278519.7410181541,388000.98352593987,290303.6238981393
222,2021-11-18,279567.0940713469,388627.98131300654,290450.5386875614
223,2021-11-19,282518.7254030722,388959.92131792416,290450.5386875614
224,2021-11-22,279205.28119842574,387373.9857388733,289862.8795298729
225,2021-11-23,275168.211247937,386673.22350626945,289275.22037218435
226,2021-11-24,279586.13685413223,387042.04573395563,289715.9647404507
227,2021-11-26,286651.00926748756,378264.0767150228,289128.30558276223
228,2021-11-29,284346.8325504633,384238.9968035401,289862.8795298729
229,2021-11-30,288669.54424273194,375534.79223014443,290450.5386875614
230,2021-12-01,290097.75295163126,371551.51217113284,290009.794319295
231,2021-12-02,290459.56582455244,378005.9011556423,290156.7091087171
232,2021-12-03,293925.35229148145,374686.50110646605,290156.7091087171
233,2021-12-06,289888.2823409927,378485.3700516345,290156.7091087171
234,2021-12-07,287546.02005839784,387521.51462994766,290009.794319295
235,2021-12-08,282575.8537514282,388664.86353577505,289569.0499510286
236,2021-12-09,284156.40472261014,384976.6412589125,289275.22037218435
237,2021-12-10,283470.8645423385,388000.98352593987,289422.1351616065
238,2021-12-13,287660.2767551098,383280.0590115558,289715.9647404507
239,2021-12-14,286974.73657483805,379518.072289156,289715.9647404507
240,2021-12-15,284213.5330709661,385824.93238259095,289569.0499510286
241,2021-12-16,284004.06246032746,382173.5923284971,289862.87952987285
242,2021-12-17,287222.29275104735,378448.48782886594,289862.87952987285
243,2021-12-20,285070.4582963056,373911.974428325,290009.794319295
244,2021-12-21,283985.01967754215,380366.3634128345,289862.87952987285
245,2021-12-22,285298.97168972954,384497.17236292054,289862.87952987285
246,2021-12-23,282823.4099276374,387078.92795672436,290009.794319295
247,2021-12-27,283508.95010790904,393053.84804524167,290009.794319295
248,2021-12-28,282385.4259235749,392463.73248094367,289422.1351616065
249,2021-12-29,279300.49511235236,393422.6702729279,289128.30558276223
250,2021-12-30,281642.7573949473,392463.73248094367,289422.1351616065
251,2021-12-31,282194.99809572165,391873.6169166457,289275.2203721844
252,2022-01-03,274787.35559223045,392242.43914433196,288834.476003918
253,2022-01-04,273644.788625111,391467.9124661908,288834.476003918
254,2022-01-05,272159.45156785566,383243.1767887873,288099.9020568073
255,2022-01-06,272864.0345309127,383206.2945660187,287365.3281096966
256,2022-01-07,270902.62790402427,380366.3634128345,287218.4133202745
257,2022-01-10,271569.1253015107,379296.7789525444,286924.5837414302
258,2022-01-11,273378.18966611644,382505.53233341477,287071.49853085226
259,2022-01-12,272330.83661292354,384054.585689697,287071.49853085226
260,2022-01-13,274749.2700266597,378079.6656011797,286483.8393731637
261,2022-01-14,270597.943379459,377342.02114580723,285896.18021547515
262,2022-01-18,266789.3868223941,370555.69215638016,285308.5210577866
263,2022-01-19,268636.53675257054,366683.05876567453,285014.6914789423
264,2022-01-20,270293.25885489373,361999.01647405914,285308.5210577866
265,2022-01-21,273511.48914561357,356319.1541676908,285455.43584720866
266,2022-01-24,271264.44077694527,358200.1475288907,285161.6062683644
267,2022-01-25,270826.45677288284,353405.45856896933,285455.4358472087
268,2022-01-26,267551.09813380707,351303.1718711577,283839.37316356524
269,2022-01-27,272464.1360924208,348352.59404966765,284427.03232125373
270,2022-01-28,272559.3500063474,357019.9164002946,284280.11753183167
271,2022-01-31,271150.1840802334,364138.1853946393,284280.11753183167
272,2022-02-01,269874.3176336167,365871.6498647647,284133.2027424095
273,2022-02-02,270788.3712073123,368895.992131792,284720.861900098
274,2022-02-03,268674.6223181413,360191.7875583964,284427.03232125373
275,2022-02-04,264713.7234987938,359786.08310794155,283545.54358472093
276,2022-02-07,264885.1085438617,358384.55864273384,283104.7992164545
277,2022-02-08,263114.1297448265,361408.90090976114,282810.9696376102
278,2022-02-09,263609.242097245,367789.52544873336,282957.8844270324
279,2022-02-10,259419.82988447364,360708.1386771572,281929.4809010774
280,2022-02-11,263266.4720071092,353331.6941234321,282223.31047992164
281,2022-02-14,259991.1133680334,351819.5229899185,281635.65132223314
282,2022-02-15,257039.4820363081,357868.207523973,281635.65132223314
283,2022-02-16,258562.9046591341,358237.02975165925,281194.9069539667
284,2022-02-17,260486.22572045185,349901.64740594995,281341.8217433888
285,2022-02-18,263228.3864415385,347172.36292107165,281782.5661116552
286,2022-02-22,263913.92662181024,343225.9650848288,281047.9921645445
287,2022-02-23,260276.7551098133,336808.4583230879,280460.33300685603
288,2022-02-24,260448.1401548812,341971.9695106955,280607.24779627816
289,2022-02-25,260638.5679827344,349827.8829604127,280607.24779627816
290,2022-02-28,266351.4028183317,348315.7118268991,280460.33300685603
291,2022-03-01,269074.52075663314,342340.7917383817,281488.736532811
292,2022-03-02,259876.85667132147,348795.1807228912,280901.0773751225
293,2022-03-03,262523.8034784816,347799.36070813827,281047.99216454464
294,2022-03-04,267055.98578138876,343963.60954020126,280901.0773751225
295,2022-03-07,265018.408023359,334189.8205065155,280166.50342801184
296,2022-03-08,262352.41843341367,331534.3004671745,280166.50342801184
297,2022-03-09,259781.64275739482,340717.9739365622,279725.7590597454
298,2022-03-10,256049.2573314713,337287.92721908004,279578.8442703233
299,2022-03-11,256906.18255681088,332345.7093680842,279578.8442703233
300,2022-03-14,250907.7059794337,329911.4826653549,278403.5259549462
301,2022-03-15,250469.72197537124,337509.22055569175,278403.5259549462
302,2022-03-16,252926.24095467807,345328.25178264035,278109.6963761019
303,2022-03-17,251041.00545893097,349791.0007376441,278256.61116552405
304,2022-03-18,254106.89348736816,354364.39636095363,278403.5259549462
305,2022-03-21,248222.67360670294,353405.45856896933,277375.12242899125
306,2022-03-22,245042.5288815538,357646.91418736125,276493.63369245845
307,2022-03-23,250412.59362701525,351856.4052126871,276640.5484818805
308,2022-03-24,248451.18700012684,356245.38972215354,276640.5484818805
309,2022-03-25,245004.4433159831,357425.6208507495,275612.1449559256
310,2022-03-28,247099.14942236876,360044.25866732193,275171.40058765915
311,2022-03-29,248965.34213533057,366019.17875583924,275024.485798237
312,2022-03-30,250907.70597943364,362552.24981558847,275024.485798237
313,2022-03-31,251517.07502856405,357167.4452913691,275465.2301665034
314,2022-04-01,252088.35851212376,358273.9119744278,275905.9745347698
315,2022-04-04,250336.42249587394,361372.0186869924,275612.1449559255
316,2022-04-05,244680.71600863262,356798.6230636828,274436.8266405484
317,2022-04-06,242700.26659895887,352667.8141135968,273996.082272282
318,2022-04-07,240872.1594515677,354475.0430292594,273849.1674828599
319,2022-04-08,238263.2982099783,352778.46078190266,273408.4231145935
320,2022-04-11,234492.82721848408,347246.1273666088,271939.2752203722
321,2022-04-12,234169.09991113355,344775.0184411109,272233.10479921644
322,2022-04-13,234645.16948076664,349053.35628227144,271792.36043095007
323,2022-04-14,229941.6021327915,343963.60954020114,271351.61606268364
324,2022-04-18,228799.03516567207,343447.2584214404,271792.36043095007
325,2022-04-19,227085.18471499285,349938.5296287184,271057.7864838393
326,2022-04-20,231655.4525834707,351155.642980083,270763.9569049951
327,2022-04-21,229941.6021327915,346139.66068354994,269882.4681684623
328,2022-04-22,228494.35064110684,337066.6338824681,269588.638589618
329,2022-04-25,230779.48457534576,338910.7450208994,270470.12732615083
330,2022-04-26,233102.70407515534,329321.3671010568,269882.46816846234
331,2022-04-27,230112.98717785944,330649.1271207273,269441.7238001959
332,2022-04-28,230455.75726799527,337878.04278337787,269000.9794319295
333,2022-04-29,227466.04037069934,326665.84706171567,268266.40548481885
334,2022-05-02,223143.32867843073,328805.015982296,267384.916748286
335,2022-05-03,224647.70851847134,331017.9493484135,267678.7463271303
336,2022-05-04,225885.48939951745,341160.5606097855,267825.6611165525
337,2022-05-05,219696.58499428706,328694.3693139901,266797.25759059755
338,2022-05-06,216459.31192078188,325706.90926973143,265915.76885406475
339,2022-05-09,218363.5901993143,316117.5313498888,265621.93927522044
340,2022-05-10,220344.039608988,316412.5891320379,265621.93927522044
341,2022-05-11,224590.58017011534,310216.3757069088,266062.6836434869
342,2022-05-12,224171.63894883823,311175.3134988931,266062.6836434869
343,2022-05-13,220858.1947441918,318994.3447258417,266503.4280117533
344,2022-05-16,220629.6813507679,317002.70469633595,266503.4280117533
345,2022-05-17,217963.69176082246,323457.0936808454,266062.6836434869
346,2022-05-18,222610.13076044162,310068.8468158343,266209.59843290906
347,2022-05-19,223143.32867843073,308335.3823457089,266944.17238001974
348,2022-05-20,225676.01878887886,308003.4423407913,267091.0871694418
349,2022-05-23,221962.6761457406,313203.83575116744,267384.9167482861
350,2022-05-24,226342.5161863652,310732.7268256695,268119.4906953968
351,2022-05-25,227237.52697727544,313867.7157610027,268854.06464250747
352,2022-05-26,226209.21670686794,320727.809195967,267972.57590597466
353,2022-05-27,226761.45740764236,329100.07376444497,268707.14985308534
354,2022-05-31,221962.67614574064,326370.78927956667,267678.7463271304
355,2022-06-01,221315.2215310396,323383.32923530805,267384.91674828617
356,2022-06-02,221429.47822775156,330612.2448979586,268119.49069539685
357,2022-06-03,220953.40865811845,325227.4403737393,267384.91674828617
358,2022-06-06,216878.25314205902,325743.7914925,267238.00195886404
359,2022-06-07,219220.51542465392,328805.01598229597,267384.91674828617
360,2022-06-08,217278.15158055082,324637.3248094412,266797.25759059767
361,2022-06-09,218001.77732639317,316744.5291369554,266650.34280117555
362,2022-06-10,216649.73974863515,307413.32677649317,265768.85406464274
363,2022-06-13,209851.46629427437,295500.3688222272,263712.04701273283
364,2022-06-14,207204.51948711427,294504.54880747426,262683.6434867779
365,2022-06-15,211070.20439253512,298377.18219818,264299.7061704214
366,2022-06-16,212745.96927764366,288050.1598229648,263271.3026444665
367,2022-06-17,213431.50945791532,289009.0976149491,263271.3026444665
368,2022-06-21,209813.3807287037,295500.3688222272,263418.21743388864
369,2022-06-22,215583.34391265694,295463.48659945856,264005.87659157714
370,2022-06-23,217354.3227116921,298893.53331694077,264446.62095984357
371,2022-06-24,214345.56303161086,308187.8534546344,264593.5357492657
372,2022-06-27,212517.45588421973,307155.15121711284,263271.30264446646
373,2022-06-28,213507.68058905663,300737.644455372,263565.13222331076
374,2022-06-29,216840.1675764884,300516.35111876024,264005.87659157714
375,2022-06-30,218744.44585502084,297602.6555200388,264299.7061704214
376,2022-07-01,220553.51021962662,300331.94000491715,265475.0244857985
377,2022-07-05,222286.40345309116,301253.9955741328,265181.1949069542
378,2022-07-06,218554.01802716756,302471.1089254974,265034.280117532
379,2022-07-07,216630.6969658498,307228.9156626501,265034.280117532
380,2022-07-08,214231.30633489892,306528.1534300462,265034.280117532
381,2022-07-11,217925.60619525184,303245.6356036386,264593.53574926563
382,2022-07-12,219220.51542465392,300442.586673223,264740.45053868776
383,2022-07-13,221734.1627523167,298782.8866486349,264446.6209598435
384,2022-07-14,219925.0983877109,297602.65552003885,264740.45053868776
385,2022-07-15,221162.879268757,302876.8133759523,265328.1096963763
386,2022-07-18,218858.70255173277,300221.2933366113,265475.0244857985
387,2022-07-19,217678.05001904265,309109.90902385,264887.36532810994
388,2022-07-20,218249.33350260239,311285.9601671989,265328.1096963763
389,2022-07-21,222019.8044940966,315269.24022621044,265034.280117532
390,2022-07-22,225752.18992002017,312244.89795918314,265621.9392752205
391,2022-07-25,223543.22711692256,312208.0157364146,266062.68364348693
392,2022-07-26,223714.61216199046,308814.85124170105,265475.02448579844
393,2022-07-27,222457.78849815903,316965.82247356727,266062.68364348693
394,2022-07-28,224228.76729719422,321944.9225473317,267531.8315377083
395,2022-07-29,223619.39824806384,326297.0248340295,267825.66111655254
396,2022-08-01,228589.5645550335,325854.43816080596,267972.57590597466
397,2022-08-02,223752.6977275611,323789.03368576296,267238.00195886404
398,2022-08-03,227275.6125428461,329173.83820998226,267972.57590597466
399,2022-08-04,227199.4414117048,329100.073764445,268560.2350636632
400,2022-08-05,221791.29110067268,328952.5448733705,268119.4906953968
401,2022-08-08,225371.33426431366,328768.1337595274,268119.4906953968
402,2022-08-09,224495.36625618875,326223.26038849226,267972.57590597466
403,2022-08-10,223029.0719817188,334005.40939267224,268413.3202742411
404,2022-08-11,217830.39228132524,334116.05606097815,268266.405484819
405,2022-08-12,220039.35508442286,339722.1539218092,268413.3202742411
406,2022-08-15,219848.92725656962,341344.97172362875,268854.0646425075
407,2022-08-16,220762.98083026518,341750.67617408367,269000.97943192965
408,2022-08-17,218458.8041132409,338947.62724366813,268707.1498530854
409,2022-08-18,218782.53142059143,340238.50504057,268119.4906953969
410,2022-08-19,215259.61660530642,335222.5227440369,267678.74632713053
411,2022-08-22,214535.99085946407,327514.1381853942,267238.00195886416
412,2022-08-23,213355.33832677398,327219.08040324517,267384.9167482863
413,2022-08-24,211793.83013837735,328178.01819522947,267384.9167482863
414,2022-08-25,214745.46147010263,332603.88492746453,267825.6611165527
415,2022-08-26,216364.0980068552,320322.1047455122,266944.1723800199
416,2022-08-29,214574.07642503473,317850.99582001433,266503.4280117535
417,2022-08-30,215107.2743430238,314347.18465699494,266650.34280117555
418,2022-08-31,213050.65380220878,312244.89795918326,267238.00195886416
419,2022-09-01,208708.89932715482,312244.89795918326,266356.5132223313
420,2022-09-02,209889.55185984494,308851.7334644697,266356.5132223313
421,2022-09-06,204690.87215945136,307671.5023358737,265181.19490695425
422,2022-09-07,207928.1452329565,313830.8335382342,265621.9392752206
423,2022-09-08,205795.35356100014,316006.8846815831,265621.9392752206
424,2022-09-09,206252.38034784794,321354.8069830338,265768.8540646428
425,2022-09-12,204557.57267995406,324194.738136218,265181.1949069543
426,2022-09-13,205033.64224958717,310142.61126137164,264446.6209598436
427,2022-09-14,205738.22521264417,310843.3734939755,264299.70617042144
428,2022-09-15,205604.9257331469,306233.09564789734,264152.7913809993
429,2022-09-16,203891.07528246767,303577.57560855633,263712.0470127329
430,2022-09-19,204367.14485210078,305864.2734202111,264299.7061704214
431,2022-09-20,202329.5670940711,301880.9933611995,263858.961802155
432,2022-09-21,205719.18242985883,297160.06884681544,262536.72869735584
433,2022-09-22,200463.37438110932,293951.31546594505,260626.83643486805
434,2022-09-23,201282.21404087826,289267.2731743296,260773.75122429023
435,2022-09-26,197435.57191824273,284620.1131054828,257835.4554358475
436,2022-09-27,192236.89221784918,283845.5864273416,257394.71106758105
437,2022-09-28,198673.35279928878,289746.7420703217,257247.79627815896
438,2022-09-29,197645.04252888128,284029.9975411847,257835.45543584749
439,2022-09-30,195093.3096356478,279972.9530366359,255631.73359451545
440,2022-10-03,197721.21366002253,287423.16203589825,256366.30754162613
441,2022-10-04,197168.97295924815,296348.65994590556,258570.0293829582
442,2022-10-05,195283.73746350102,295942.95549545065,256660.1371204704
443,2022-10-06,194198.29884473755,292734.20211458026,256513.22233104828
444,2022-10-07,192313.06334899043,284140.6442094905,256953.96669931465
445,2022-10-10,189323.3464516945,281669.5352839926,256513.22233104828
446,2022-10-11,190161.22889424875,280194.2463732476,255778.6483839376
447,2022-10-12,191094.32525072963,279456.60191787506,255337.9040156712
448,2022-10-13,189266.2181033385,286611.75313498836,253868.75612144987
449,2022-10-14,187704.7099149419,279493.4841406437,254456.4152791384
450,2022-10-17,186790.65634124636,286722.3998032942,252987.26738491704
451,2022-10-18,187228.64034530878,290263.0931890823,252546.52301665067
452,2022-10-19,183819.98222673574,287681.33759527846,252987.26738491704
453,2022-10-20,180677.92306715721,284620.11310548254,252399.6082272285
454,2022-10-21,177421.60721086676,291295.79542660376,251811.94906953996
455,2022-10-24,175955.3129363968,295057.7821490036,251811.94906953993
456,2022-10-25,181077.82150564904,301069.5844602895,251665.03428011778
457,2022-10-26,183686.68274723846,299631.1777723131,252546.5230166506
458,2022-10-27,185610.00380855624,298856.65109417203,252987.26738491698
459,2022-10-28,184334.1373619395,306343.74231620296,253281.09696376123
460,2022-10-31,183020.1853497521,304647.16006884613,253428.0117531834
461,2022-11-01,184277.0090135835,303577.575608556,253574.92654260556
462,2022-11-02,183477.21213659988,295242.1932628466,251811.94906953993
463,2022-11-03,182486.98743176303,291738.38209982717,251518.11949069565
464,2022-11-04,179421.09940332582,296090.484386525,253428.0117531834
465,2022-11-07,177631.07782150534,299741.82444061886,252840.3525954949
466,2022-11-08,179573.4416656084,302397.34447995987,252987.26738491698
467,2022-11-09,180163.76793195345,296053.6021637563,253428.0117531834
468,2022-11-10,187095.3408658115,313867.7157610024,254309.50048971619
469,2022-11-11,186409.80068553984,317703.46692893945,256807.0519098925
470,2022-11-14,185952.77389869207,313867.7157610024,256366.3075416261
471,2022-11-15,188961.53357877332,317113.35136464145,257100.8814887368
472,2022-11-16,193093.8174431887,313904.597983771,256513.22233104828
473,2022-11-17,191056.23968515897,312171.1335136456,256513.22233104828
474,2022-11-18,189742.28767297158,313646.4224243907,256366.30754162613
475,2022-11-21,190542.0845499552,312539.9557413319,257394.71106758108
476,2022-11-22,193246.15970547128,317519.05581509636,257541.62585700324
477,2022-11-23,196616.7322584737,319547.57806737075,258129.2850146918
478,2022-11-25,195950.23486098737,319031.22694861,257541.62585700327
479,2022-11-28,196502.47556176176,313867.7157610024,259304.60333006887
480,2022-11-29,194198.29884473752,313425.1290877789,259157.68854064678
481,2022-11-30,195626.50755363682,324047.20924514305,258863.85896180253
482,2022-12-01,201396.4707375901,324895.50036882143,260039.17727717958
483,2022-12-02,203929.16084803824,324120.9736906803,261214.49559255666
484,2022-12-05,201072.7434302396,317887.8780427826,260039.17727717955
485,2022-12-06,203662.56188904372,313793.95131546515,260186.09206660173
486,2022-12-07,208461.34315094547,313351.3646422416,260773.7512242903
487,2022-12-08,207890.05966738577,315933.1202360454,261067.58080313454
488,2022-12-09,202481.90935635366,313056.3068600926,261361.4103819788
489,2022-12-12,203129.3639710547,317703.46692893945,260333.0068560239
490,2022-12-13,205090.7705979431,319363.1669535276,262095.98432908952
491,2022-12-14,205966.73860606801,316928.9402507983,262095.98432908952
492,2022-12-15,206271.4231306332,309183.67346938694,262095.98432908952
493,2022-12-16,203967.24641360898,305421.68674698716,261508.325171401
494,2022-12-19,200539.5455122506,302618.6378165716,260920.66601371244
495,2022-12-20,196978.54513139493,302544.87337103434,260479.92164544604
496,2022-12-21,197473.65748381338,307081.38677157526,261067.58080313457
497,2022-12-22,197435.57191824273,302839.9311531833,260479.92164544604
498,2022-12-23,194541.06893487342,304167.6911728538,260333.0068560239
499,2022-12-27,190694.42681223789,303061.22448979504,260333.0068560239
500,2022-12-28,189570.90262790374,299041.06220801483,259451.5181194911
501,2022-12-29,191722.7370826454,305089.7467420694,260039.17727717964
502,2022-12-30,189589.94541068908,303614.4578313243,261214.49559255672
503,2023-01-03,193208.07413990068,302323.58003442246,259451.51811949105
504,2023-01-04,195855.02094706078,305052.86451930075,260186.0920666017
505,2023-01-05,196673.86060682975,301106.4666830579,259745.34769833527
506,2023-01-06,200291.98933604138,308187.85345463397,260773.75122429023
507,2023-01-09,201358.3851720195,309109.9090238496,260773.7512242902
508,2023-01-10,198025.89818458774,311581.0179493475,259892.26248775743
509,2023-01-11,201244.12847530757,315785.5913449708,261067.5808031345
510,2023-01-12,205205.02729465504,316855.1758052609,262242.8991185116
511,2023-01-13,203281.70623333726,318035.40693385695,261508.3251714009
512,2023-01-17,201967.7542211499,317482.17359232757,261508.32517140088
513,2023-01-18,206861.74939697827,312355.54462748865,263712.0470127329
514,2023-01-19,205566.84016757624,309331.2023604614,263418.2174338886
515,2023-01-20,202234.35318014448,315379.886894516,262830.5582762
516,2023-01-23,201282.21404087826,318994.34472584125,262977.47306562215
517,2023-01-24,204176.71702424757,318182.9358249315,264593.5357492657
518,2023-01-25,204671.82937666602,317408.4091467904,263418.2174338886
519,2023-01-26,203719.6902373998,320764.6914187353,262683.6434867779
520,2023-01-27,203205.535102196,321723.6292107196,262830.5582762001
521,2023-01-30,202462.86657356835,317924.7602655512,262536.72869735584
522,2023-01-31,204081.50311032095,323162.035898696,262977.4730656222
523,2023-02-01,206004.8241716387,326850.2581755585,264593.5357492657
524,2023-02-02,206271.42313063322,331976.88714039745,263712.04701273283
525,2023-02-03,203186.4923194107,328325.54708630353,263858.96180215495
526,2023-02-06,201682.1124793701,325891.3203835743,261655.23996082286
527,2023-02-07,200063.47594261754,329505.7782148996,262683.6434867778
528,2023-02-08,201015.61508188376,326223.2603884919,263271.3026444664
529,2023-02-09,199111.33680335133,323346.4470125391,262095.98432908932
530,2023-02-10,196883.33121746837,323825.91590853117,261949.06953966717
531,2023-02-13,198540.0533197916,327772.31374477415,261508.3251714008
532,2023-02-14,198083.02653294377,327846.0781903114,260920.66601371224
533,2023-02-15,196235.87660276733,329100.0737644447,261361.4103819786
534,2023-02-16,193455.63031610998,325190.5581509704,260920.66601371224
535,2023-02-17,194960.0101561506,324157.8559134489,259745.34769833516
536,2023-02-21,191170.49638187102,317002.7046963356,259451.51811949088
537,2023-02-22,192922.43239812087,316375.706909269,259598.43290891306
538,2023-02-23,194807.66789386797,319436.9313990649,259745.34769833516
539,2023-02-24,192274.97778341983,315490.53356282203,259451.51811949088
540,2023-02-27,192808.1757014089,316560.1180231121,259892.26248775728
541,2023-02-28,193684.14370953382,315379.8868945161,259010.77375122445
542,2023-03-01,191132.4108163004,314199.65576592006,258570.02938295808
543,2023-03-02,189437.60314840655,317482.1735923277,259157.68854064657
544,2023-03-03,194026.9137996697,322424.39144332346,258716.94417238017
545,2023-03-06,192522.5339596291,321723.6292107196,258863.85896180233
546,2023-03-07,193703.18649231922,316633.88246864924,258570.02938295805
547,2023-03-08,193893.61432017246,317555.9380378649,257982.37022526946
548,2023-03-09,194369.68388980557,311949.84017703385,259451.51811949082
549,2023-03-10,201072.7434302398,306196.2134251283,260333.0068560236
550,2023-03-13,201529.77021708756,305421.68674698716,261361.41038197855
551,2023-03-14,198216.32601244113,309995.0823702967,261655.23996082283
552,2023-03-15,202043.92535229132,307302.680108187,260773.75122429006
553,2023-03-16,200463.3743811094,312687.4846324064,260626.8364348679
554,2023-03-17,203472.13406119065,308962.3801327752,262389.81390793354
555,2023-03-20,201682.11247937015,312097.3690681084,260920.66601371224
556,2023-03-21,199949.21924590564,316191.2957954258,260920.66601371224
557,2023-03-22,202615.20883585105,310511.4334890574,262389.81390793354
558,2023-03-23,202615.20883585105,310179.49348413973,262977.47306562203
559,2023-03-24,203472.13406119065,311765.42906319065,263124.3878550442
560,2023-03-27,198692.39558207427,312835.01352348074,262389.81390793354
561,2023-03-28,199054.20845499545,312318.66240472003,261508.32517140073
562,2023-03-29,198654.31001650362,317002.7046963354,262242.8991185115
563,2023-03-30,199568.3635901992,318809.93361199804,261655.23996082292
564,2023-03-31,202558.08048749514,323715.26924022526,262977.47306562215
565,2023-04-03,202996.0644915576,324047.20924514293,262389.8139079336
566,2023-04-04,204005.33197917978,321022.8669781157,263712.04701273283
567,2023-04-05,206138.1236511361,319289.40250799025,263271.30264446646
568,2023-04-06,206671.32156912517,320285.22252274316,263271.30264446646
569,2023-04-10,203338.83458169343,320654.0447504294,262095.98432908935
570,2023-04-11,203757.77580297057,321133.5136464215,263858.96180215495
571,2023-04-12,203548.30519233202,320027.0469633628,263712.04701273283
572,2023-04-13,201948.7114383648,323678.38701745676,263565.1322233107
573,2023-04-14,200101.56150818834,322571.92033439793,263124.3878550443
574,2023-04-17,197721.2136600228,323678.38701745676,262683.64348677784
575,2023-04-18,198425.7966230798,324047.209245143,264152.7913809992
576,2023-04-19,198235.36879522653,323825.9159085312,262536.7286973557
577,2023-04-20,199930.17646312038,322055.5692156372,263565.1322233107
578,2023-04-21,198806.65227878626,322387.50922055484,263565.1322233107
579,2023-04-24,200729.973340104,322571.920334398,263712.0470127328
580,2023-04-25,203681.6046718293,317187.11581017874,264152.79138099914
581,2023-04-26,201510.72743430233,315896.2380132769,263418.21743388847
582,2023-04-27,199511.23524184327,322645.68477993534,263124.3878550442
583,2023-04-28,202729.46553256307,325706.90926973126,264446.6209598434
584,2023-05-01,196388.2188650501,326001.96705188026,262830.5582761999
585,2023-05-02,201282.21404087846,321834.27587902563,264152.79138099914
586,2023-05-03,202405.7382252126,319953.2825178257,264299.7061704212
587,2023-05-04,200406.24603275355,317592.8202606337,265181.1949069541
588,2023-05-05,199739.74863526723,323457.09368084517,264446.6209598434
589,2023-05-08,196940.45956582457,323235.8003442334,263712.0470127327
590,2023-05-09,196235.87660276756,321760.51143348834,264152.79138099914
591,2023-05-10,198140.1548813,322903.8603393157,265034.28011753195
592,2023-05-11,200234.86098768568,321539.21809687663,265034.28011753195
593,2023-05-12,198559.0961025771,321649.8647651825,265034.28011753195
594,2023-05-15,196502.47556176208,322719.44922547264,264152.79138099914
595,2023-05-16,195912.149295417,319731.98918121395,264446.6209598434
596,2023-05-17,195340.86581185728,323715.2692402255,263712.0470127327
597,2023-05-18,193893.61432017264,327292.8448487822,262830.5582761999
598,2023-05-19,192522.53395962928,326628.96483894694,262683.6434867777
599,2023-05-22,191836.9937793576,326850.2581755587,262095.98432908917
600,2023-05-23,192389.23448013203,323162.03589869617,262536.7286973556
601,2023-05-24,191437.0953408658,319621.3425129081,262683.64348677767
602,2023-05-25,190961.0257712327,323272.6825670021,261067.5808031342
603,2023-05-26,192503.491176844,327551.0204081626,261067.58080313422
604,2023-05-30,194426.81223816174,327145.31595770776,261508.32517140062
605,2023-05-31,196121.61990605562,324674.20703220984,262389.8139079334
606,2023-06-01,196369.17608226486,327919.84263584885,262095.98432908917
607,2023-06-02,194217.3416275232,333525.94049668,261949.069539667
608,2023-06-05,193855.528754602,332567.00270469574,261508.32517140062
609,2023-06-06,194998.09572172147,333636.58716498583,261802.15475024487
610,2023-06-07,192103.59273835216,331497.41824440553,261655.2399608227
611,2023-06-08,194350.64110702043,332825.17826407606,261655.23996082274
612,2023-06-09,194084.04214802588,333452.1760511427,260479.92164544566
613,2023-06-12,194655.3256315856,336587.1649864759,261214.49559255634
614,2023-06-13,192732.00457026783,339759.03614457767,260186.09206660138
615,2023-06-14,194274.46997587912,339832.8005901149,260479.92164544566
616,2023-06-15,196140.6626888409,344258.66732234997,261802.15475024487
617,2023-06-16,195378.9513774279,343225.96508482844,261361.41038197844
618,2023-06-20,196730.98895518592,341234.3250553226,261067.5808031342
619,2023-06-21,197207.05852481903,338763.2161298247,261067.58080313422
620,2023-06-22,194826.71067665349,339242.68502581684,260773.75122428997
621,2023-06-23,196769.07452075658,336513.40054093854,261361.41038197852
622,2023-06-26,196978.54513139513,335997.0494221778,261802.15475024492
623,2023-06-27,196464.3899961914,340312.269486107,260479.92164544572
624,2023-06-28,197302.27243874568,339943.44725842075,260626.83643486784
625,2023-06-29,193741.27205789005,341713.7939513148,260039.17727717932
626,2023-06-30,196026.40599212897,345365.13400540873,260333.00685602357
627,2023-07-03,194388.7266725911,346102.77846078126,260186.09206660144
628,2023-07-05,192541.57674241462,345254.4873371029,259598.4329089129
629,2023-07-06,189818.45880411327,342709.6139660677,259304.60333006858
630,2023-07-07,188675.89183699377,342156.38062453835,259010.7737512243
631,2023-07-10,188923.44801320296,344148.0206540442,259010.77375122427
632,2023-07-11,189894.6299352545,346692.8940250793,259157.68854064643
633,2023-07-12,192008.37882442548,349311.5318416517,260333.00685602348
634,2023-07-13,194026.91379966988,352483.4029997535,261214.4955925563
635,2023-07-14,192884.34683255042,351782.64076714957,259745.34769833492
636,2023-07-17,192979.56074647701,353147.2830095888,260039.1772771792
637,2023-07-18,193855.52875460192,356024.09638554155,260920.66601371203
638,2023-07-19,196045.44877491423,357314.9741824434,260626.83643486773
639,2023-07-20,193665.10092674868,354106.220801573,260920.66601371203
640,2023-07-21,193722.22927510468,354622.5719203337,260773.75122428988
641,2023-07-24,193017.64631204767,355987.21416277287,260479.9216454456
642,2023-07-25,192655.8334391265,357610.0319645924,260626.83643486773
643,2023-07-26,192846.2612669797,357536.26751905517,260626.83643486773
644,2023-07-27,189094.83305827083,354216.8674698789,259745.34769833495
645,2023-07-28,190066.0149803224,357278.0919596748,260333.0068560235
646,2023-07-31,190523.04176717016,358163.2653061218,260333.00685602354
647,2023-08-01,186885.8702551732,356651.09417260817,259157.68854064646
648,2023-08-02,184886.37806271418,351856.40521268686,260479.9216454457
649,2023-08-03,180620.7947188015,350528.64519301633,258129.28501469153
650,2023-08-04,183819.98222673603,348610.7696090478,260186.0920666014
651,2023-08-07,182010.9178621302,351376.9363166947,259892.26248775714
652,2023-08-08,184124.66675130124,349643.47184656933,260186.09206660138
653,2023-08-09,185076.80589056746,347246.1273666087,259598.43290891283
654,2023-08-10,182029.96064491558,347688.7140398322,259598.43290891283
655,2023-08-11,181611.01942363844,347356.7740349146,258570.0293829579
656,2023-08-14,181211.1209851466,348795.180722891,258276.1998041136
657,2023-08-15,180106.6395835978,345291.3695598716,257835.45543584722
658,2023-08-16,178697.4736574838,342635.8495205306,258129.28501469147
659,2023-08-17,177935.7623460708,339943.4472584209,258423.11459353572
660,2023-08-18,178564.1741779865,339943.4472584209,257688.54064642504
661,2023-08-21,176183.82632982096,341713.79395131493,257100.88148873652
662,2023-08-22,177535.863907579,340754.85615933064,257688.54064642504
663,2023-08-23,181934.74673098893,344922.54733218526,258423.11459353572
664,2023-08-24,180735.0514155135,340791.73838209925,258570.02938295787
665,2023-08-25,181325.37768185858,343299.72953036573,258423.11459353572
666,2023-08-28,181515.80550971182,345549.5451192519,253721.84133202737
667,2023-08-29,183401.04100545894,350934.34964347124,258863.85896180212
668,2023-08-30,183210.61317760567,352372.7563314476,259010.77375122425
669,2023-08-31,184029.45283737464,352225.2274403731,259157.68854064643
670,2023-09-01,180620.79471880157,353073.51856405154,259010.77375122427
671,2023-09-05,178088.10460835343,351155.642980083,258570.0293829579
672,2023-09-06,178526.08861241592,349016.4740595027,257835.45543584722
673,2023-09-07,179021.20096483437,347504.3029259891,257688.54064642507
674,2023-09-08,179706.74114510603,347467.4207032205,257835.45543584722
675,2023-09-11,178411.83191570395,349606.5896238008,257688.54064642507
676,2023-09-12,179440.1421861115,347283.0095893774,257100.88148873652
677,2023-09-13,179402.05662054085,346877.3051389225,258423.11459353572
678,2023-09-14,178107.1473911388,349422.1785099576,257835.45543584717
679,2023-09-15,177021.7087723753,345254.48733710294,257835.45543584717
680,2023-09-18,178030.9762599975,345438.8984509461,257394.71106758073
681,2023-09-19,176717.02424781013,344406.19621342456,257541.62585700292
682,2023-09-20,177269.26494858455,341566.2650602404,256953.96669931433
683,2023-09-21,172718.039862892,335628.2271944917,256219.3927522037
684,2023-09-22,174108.16300622068,334964.3471846564,256072.47796278156
685,2023-09-25,169823.5368795227,336033.93164494657,256366.3075416258
686,2023-09-26,169233.21061317762,330059.0115564292,255778.64838393725
687,2023-09-27,168357.24260505268,330501.59822965274,255190.9892262487
688,2023-09-28,168871.39774025645,332640.767150233,255484.81880509297
689,2023-09-29,168890.44052304176,331829.3582493232,255484.81880509297
690,2023-10-02,165538.91075282468,330575.36267519,254603.33006856014
691,2023-10-03,161977.91037196902,325928.2026063432,254162.58570029377
692,2023-10-04,164263.04430620794,329063.19154167635,253721.84133202737
693,2023-10-05,163444.204646439,327698.5492992372,254015.67091087165
694,2023-10-06,161463.75523676528,331792.47602655465,255044.07443682657
695,2023-10-09,165253.26901104482,333931.64494713495,254162.58570029377
696,2023-10-10,165024.75561762092,336033.93164494657,254750.2448579823
697,2023-10-11,168471.49930176465,337509.22055569163,255778.64838393722
698,2023-10-12,163901.2314332868,334300.4671748212,255044.07443682652
699,2023-10-13,166833.81998222676,332493.23825915856,255925.56317335935
700,2023-10-16,164148.78760949604,336255.22498155833,253428.01175318303
701,2023-10-17,162339.72324489022,336660.92943201325,252693.43780607232
702,2023-10-18,160911.5145359909,331460.5360216371,253134.18217433873
703,2023-10-19,157617.11311412978,327919.842635849,252693.4378060723
704,2023-10-20,158512.12390504,323457.0936808454,252693.4378060723
705,2023-10-23,160416.40218357244,322756.33144824154,252546.52301665017
706,2023-10-24,162530.15107274344,324305.38480452384,254015.6709108715
707,2023-10-25,158912.0223435318,319289.4025079907,251665.03428011734
708,2023-10-26,161349.49854005332,316670.7646914183,251811.9490695395
709,2023-10-27,160663.95835978162,314826.6535529871,254162.58570029362
710,2023-10-30,159940.33261393927,317629.7024834027,252252.6934378059
711,2023-10-31,159159.578519741,320100.8114089006,252252.69343780586
712,2023-11-01,162054.08150311027,323125.15367592784,255778.6483839371
713,2023-11-02,165748.3813634632,329616.42488320597,254162.58570029362
714,2023-11-03,166871.90554779733,333562.8227194489,255631.73359451498
715,2023-11-06,165253.2690110448,333452.176051143,253721.84133202722
716,2023-11-07,167690.74520756633,334558.64273420174,255778.6483839371
717,2023-11-08,170547.162625365,335074.9938529625,255631.73359451495
718,2023-11-09,166624.34937158815,332308.8271453156,254309.50048971575
719,2023-11-10,167557.44572806903,337767.3961150722,255778.64838393714
720,2023-11-13,167176.59007236257,337103.51610523695,253721.84133202722
721,2023-11-14,170966.1038466421,344996.31177772285,257835.45543584702
722,2023-11-15,168566.7132156912,346139.6606835502,257688.54064642484
723,2023-11-16,170661.41932207692,346250.3073518561,256953.96669931416
724,2023-11-17,171461.21619906055,346582.2473567737,257247.7962781585
725,2023-11-20,172508.5692522534,349016.474059503,258276.1998041134
726,2023-11-21,172432.39812111208,348795.18072289124,257394.7110675806
727,2023-11-22,173041.76717024247,350381.11630194215,258423.11459353555
728,2023-11-24,171004.18941221276,350786.820752397,260333.0068560233
729,2023-11-27,173860.6068300114,350086.05851979315,257835.45543584705
730,2023-11-28,174203.37692014728,350565.52741578524,258276.19980411342
731,2023-11-29,176393.29694045955,351487.58298500086,260626.83643486758
732,2023-11-30,174355.71918242984,353552.98746004386,259304.60333006838
733,2023-12-01,177078.83712073122,356392.918613228,261214.4955925562
734,2023-12-04,176374.25415767424,355138.92303909484,261949.06953966685
735,2023-12-05,180163.76793195377,354106.22080157336,261067.58080313404
736,2023-12-06,182563.15856290463,353110.4007868204,260333.00685602333
737,2023-12-07,181515.80550971176,355802.8030489301,260920.66601371195
738,2023-12-08,180030.4684524565,357204.32751413784,260920.66601371192
739,2023-12-11,179649.61279675,359195.96754364367,259745.34769833484
740,2023-12-12,180182.81071473908,360892.5497910004,262683.6434867775
741,2023-12-13,184410.3084930811,366129.8254241452,262389.81390793325
742,2023-12-14,188599.72070585247,368453.4054585686,262389.81390793325
743,2023-12-15,188809.19131649102,367715.76100319606,264299.706170421
744,2023-12-18,187304.81147645038,369191.049913941,263124.3878550439
745,2023-12-19,188314.07896407257,370776.9854929919,265034.28011753166
746,2023-12-20,189589.9454106893,364064.42094910203,265181.1949069538
747,2023-12-21,188390.25009521388,368232.1121219567,265034.28011753166
748,2023-12-22,187533.32486987428,369191.04991394095,265328.1096963759
749,2023-12-26,188066.52278786336,371256.45438898396,261655.23996082254
750,2023-12-27,191399.00977529513,371920.33439881925,262830.5582761996
751,2023-12-28,190008.88663196645,371994.0988443565,263418.2174338882
752,2023-12-29,188295.03618128726,370703.22104745463,263565.1322233103
