,Date,CNY,INR,USD,Net,Adjusted
0,2021-01-04,100000.0,100000.0,100000.0,300000.0,False
1,2021-01-05,99510.45838896307,98928.02450229709,100314.68053085236,298753.1634221125,True
2,2021-01-06,99610.59190031153,98928.02450229709,100383.08934190724,298921.7057445159,True
3,2021-01-07,99944.37027147308,98928.02450229709,100369.40757969626,299241.80235346645,True
4,2021-01-08,100244.77080551848,99234.30321592648,100492.54343959501,299971.61746104,True
5,2021-01-11,100734.31241655542,99081.16385911178,100383.08934190724,300198.56561757444,True
6,2021-01-12,100189.14107699155,99234.30321592648,100574.63401286087,299998.0783057789,True
7,2021-01-13,100489.54161103694,98928.02450229709,100109.45409768778,299527.0202110218,False
8,2021-01-14,100400.53404539387,99081.16385911178,100109.45409768778,299591.15200219344,True
9,2021-01-15,101001.33511348465,99081.16385911178,100000.0,300082.4989725964,False
10,2021-01-19,100689.80863373388,99387.44257274119,100136.81762210972,300214.0688285848,False
11,2021-01-20,100656.43079661771,99234.30321592648,100136.81762210972,300027.55163465394,False
12,2021-01-21,100278.14864263462,99081.16385911178,99753.72828020249,299113.0407819489,True
13,2021-01-22,100400.53404539387,98928.02450229709,99808.45532904638,299137.0138767373,False
14,2021-01-25,100567.42323097464,99234.30321592648,99876.86414010124,299678.59058700234,True
15,2021-01-26,100322.65242545617,99234.30321592648,99835.81885346833,299392.774494851,True
16,2021-01-27,100856.69781931465,98928.02450229709,99767.41004241345,299552.1323640252,False
17,2021-01-28,29981.1199255784,239497.64247455567,29981.1199255784,299459.8823257125,True
18,2021-01-29,30020.891475335968,238388.85709272904,29940.07239008336,298349.82095814834,False
19,2021-02-01,29774.414545872656,238193.9530957365,29774.414545872656,297742.7821874818,True
20,2021-02-02,29833.296051236943,239675.7195224596,29860.17270051034,299369.1882742069,False
21,2021-02-03,29807.12649329726,239305.27791577883,29778.49826752207,298890.90267659817,False
22,2021-02-04,29941.245477738128,239305.27791577883,29753.99593762559,299000.51933114254,False
23,2021-02-05,29924.383349559666,239397.94071223,29924.407815501672,299246.73187729134,True
24,2021-02-08,29914.019467313177,239312.67255846746,29913.935635150792,299140.62766093144,True
25,2021-02-09,29829.93884071372,238640.88574520042,29830.13199996794,298300.9565858821,True
26,2021-02-10,29750.517472636784,238003.88187794786,29750.517472636784,297504.9168232214,True
27,2021-02-11,29766.977867387606,239114.31989604095,29734.182253708776,298615.4800171373,False
28,2021-02-12,29786.730341088594,239114.31989604095,29693.344206388752,298594.3944435183,False
29,2021-02-16,29796.60657793909,239114.31989604095,29664.75757326474,298575.6840472447,False
30,2021-02-17,29883.896585828017,239071.17268662405,29883.644971496986,298838.7142439491,True
31,2021-02-18,29765.609584498736,239071.17268662405,29830.376442136025,298667.1587132588,False
32,2021-02-19,29690.03733364947,240181.4103306796,29752.522437685395,299623.9701020145,False
33,2021-02-22,29575.03608235712,240181.4103306796,29727.93696259572,299484.38337563246,False
34,2021-02-23,29627.60808294791,239071.17268662405,29682.863591597987,298381.64436116995,False
35,2021-02-24,29630.893832984835,239071.17268662405,29658.278116508318,298360.3446361172,False
36,2021-02-25,29834.659584291174,238681.6888354366,29834.789523508553,298351.13794323633,True
37,2021-02-26,29855.553815519932,149277.7690775996,119199.15885029196,298332.4817434115,True
38,2021-03-01,29979.399910327087,239612.4353932506,29979.619645198036,299571.45494877576,True
39,2021-03-02,29863.14593743438,238905.08685825742,29863.14180873906,298631.37460443086,True
40,2021-03-03,29915.774017068587,239274.90897413707,29850.921180526504,299041.60417173215,False
41,2021-03-04,30139.44335551395,239274.90897413707,29687.979471025814,299102.3318006768,False
42,2021-03-05,30254.56727971378,239274.90897413707,29789.818039463746,299319.29429331457,False
43,2021-03-08,30363.11269395933,240384.37532177605,29789.818039463746,300537.3060551991,False
44,2021-03-09,30247.988769759504,241124.01955353533,29871.288894214093,301243.2972175089,False
45,2021-03-10,30059.351291645464,240474.8103331636,30058.32166744305,300592.48329225206,True
46,2021-03-11,29938.18384445177,240105.41738334307,30029.41149271481,300073.01272050967,False
47,2021-03-12,29975.98542885836,239807.7038956531,29975.98542885836,299759.6747533698,True
48,2021-03-15,30025.029907635937,240177.20729148615,29992.49202876412,300194.7292278862,False
49,2021-03-16,30038.10843530996,240177.20729148615,29926.465629141076,300141.7813559372,False
50,2021-03-17,29884.435735140203,240546.7106873192,29926.465629141076,300357.6120516005,False
51,2021-03-18,30031.569171472947,240177.20729148615,29835.679329659404,300044.4557926185,False
52,2021-03-19,30054.45659490249,240177.20729148615,29988.36537878768,300220.02926517633,False
53,2021-03-22,30015.221011880425,240177.20729148615,29876.945829423807,300069.37413279037,False
54,2021-03-23,30191.78113547972,240546.7106873192,29868.69252947092,300607.18435226986,False
55,2021-03-24,30253.90414193132,240546.7106873192,29963.60547892904,300764.22030817956,False
56,2021-03-25,30368.341259079014,240546.7106873192,29980.1120788348,300895.164025233,False
57,2021-03-26,30332.375307975453,241655.22087481836,29963.60547892904,301951.2016617229,False
58,2021-03-29,30194.07590047145,241552.60720377148,30193.335121694818,301940.01822593773,True
59,2021-03-30,30311.031649601744,242660.6466863576,30314.19181162292,303285.87014758226,False
60,2021-03-31,30355.73300332479,242846.74928460308,30355.901926863866,303558.38421479176,True
61,2021-04-01,30258.052858510917,242107.48977384323,30252.580272926276,302618.1229052804,False
62,2021-04-05,30331.978299150232,242659.46067806406,30332.418941487904,303323.8579187022,True
63,2021-04-06,30246.812917316765,242659.46067806403,30291.082856803405,303197.35645218415,False
64,2021-04-07,30221.543526230642,241771.796251038,30221.543526230642,302214.8833034993,True
65,2021-04-08,30090.799232368518,241771.796251038,30595.765932120834,302458.36141552735,False
66,2021-04-09,30291.40958209694,242334.15884290755,30291.830181246605,302917.3986062511,True
67,2021-04-12,30284.835925503605,242334.15884290755,30369.04305667506,302988.0378250862,False
68,2021-04-13,30189.517904900218,242334.15884290755,30474.70278094557,302998.37952875334,False
69,2021-04-14,30136.92865215352,241964.18302788024,30551.915656374025,302653.02733640774,False
70,2021-04-15,30130.354995560185,241594.20721285287,30490.958123141034,302215.52033155406,False
71,2021-04-16,30094.199884296835,241224.23139782553,30369.04305667506,301687.47433879744,False
72,2021-04-19,29933.14529776007,240854.2555827982,30299.957852344334,301087.3587329026,False
73,2021-04-20,29989.02137880344,240854.2555827982,30430.00058990804,301273.2775515097,False
74,2021-04-21,29962.72675243009,240484.27976777084,30661.6392161934,301108.64573639433,False
75,2021-04-22,30018.602833473455,240114.30395274353,30653.511545095673,300786.41833131266,False
76,2021-04-23,29864.12190353004,240114.30395274353,30515.34113643423,300493.7669927078,False
77,2021-04-26,30038.315382804474,240309.85298457372,30038.79284691495,300386.96121429314,True
78,2021-04-27,30071.393584965914,239939.57586133093,30014.7200865194,300025.68953281624,False
79,2021-04-28,29982.9892619147,239864.13110779974,29982.855021033858,299829.9753907483,True
80,2021-04-29,29982.989261914703,239864.13110779974,29878.315094716727,299725.4354644312,False
81,2021-04-30,30204.69329905721,239493.9704116457,29797.89976678047,299496.5634774834,False
82,2021-05-03,30095.495788225824,239493.9704116457,29789.858233986844,299379.3244338584,False
83,2021-05-04,29939.131180024924,239513.0017724389,29938.507090060193,299390.640042524,True
84,2021-05-05,29945.69030614608,239513.0017724389,29914.18002579416,299372.8721043791,False
85,2021-05-06,29827.626035965237,239513.0017724389,29922.28904721617,299262.91685562034,False
86,2021-05-07,29857.694957614396,238866.8936092235,29858.33908068275,298582.9276475206,True
87,2021-05-10,29851.076827290195,237757.6046296141,29724.49974495027,297333.18120185455,False
88,2021-05-11,29827.913371155508,237387.84163641097,29809.67023132548,297025.42523889197,False
89,2021-05-12,30016.53008539512,237757.6046296141,29761.00138196821,297535.13609697745,False
90,2021-05-13,30029.766346043514,238866.8936092235,29882.673505361385,298779.3334606284,False
91,2021-05-14,29887.476544073277,238497.13061602038,29785.335806646846,298169.9429667405,False
92,2021-05-17,29854.385892452297,238127.36762281726,29720.444007503826,297702.19752277335,False
93,2021-05-18,29698.85982983367,238127.36762281726,29716.38827005739,297542.6157227083,False
94,2021-05-19,29844.458696965998,237387.84163641097,29659.60794580724,296891.9082791842,False
95,2021-05-20,29718.71422080626,237757.6046296141,29696.109582825196,297172.4284332456,False
96,2021-05-21,29788.204589210327,237757.6046296141,29614.994833896413,297160.80405272084,False
97,2021-05-24,29725.33235113046,237757.6046296141,29570.38172198559,297053.3187027301,False
98,2021-05-25,29662.460113050587,237387.84163641097,29541.99155986052,296592.2933093221,False
99,2021-05-26,29633.866997281722,237070.80391750566,29633.596920217435,296338.26783500484,True
100,2021-05-27,29610.828673316708,236331.1134216632,29580.67978285991,295522.62187783985,False
101,2021-05-28,29517.65943137734,236140.82571408676,29517.65943137734,295176.1445768414,True
102,2021-06-01,29452.086490287973,235770.69902801453,29440.49438883521,294663.27990713774,False
103,2021-06-02,29475.037019669253,236140.8257140868,29590.763155890927,295206.625889647,False
104,2021-06-03,29544.801921122904,236357.87173482974,29544.801921122904,295447.4755770755,True
105,2021-06-04,29609.46620213147,236879.38027190042,29609.830645620277,296098.67711965216,True
106,2021-06-07,29561.308332450073,236490.75227338288,29561.33350489101,295613.394110724,True
107,2021-06-08,29598.566762317314,236788.53409853842,29598.372438291353,295985.4732991471,True
108,2021-06-09,29611.70999800218,236788.53409853842,29667.480023987133,296067.72412052774,False
109,2021-06-10,29598.566762317314,236418.55201400942,29671.54517608688,295688.6639524136,False
110,2021-06-11,29756.2855905357,236418.55201400942,29679.675480286383,295854.5130848315,False
111,2021-06-14,29743.142354850832,236788.53409853842,29769.10882648092,296300.78527987015,False
112,2021-06-15,29749.71397269327,236788.53409853842,29748.783065982163,296287.03113721387,False
113,2021-06-16,29943.576699045036,237158.5161830674,29813.82549957819,296915.91838169063,False
114,2021-06-17,30193.29817705748,236788.53409853842,30008.952800366264,296990.7850759622,False
115,2021-06-18,30305.01568037884,238638.44452118326,30183.754340655578,299127.21454221767,False
116,2021-06-21,30183.440750293834,238638.44452118326,30139.03766755831,298960.9229390354,False
117,2021-06-22,30140.72523431802,239378.4086902412,30139.03766755831,299658.1715921175,False
118,2021-06-23,30163.725896766537,239748.39077477015,30216.275557453595,300128.39222899027,False
119,2021-06-24,30170.297514608967,239378.4086902412,30183.754340655578,299732.46054550575,False
120,2021-06-25,30167.01170568775,239378.4086902412,30159.363428057073,299704.783823986,False
121,2021-06-28,30190.012368136267,238638.44452118326,30167.49373225657,298995.9506215761,False
122,2021-06-29,30245.871119796942,239008.42660571221,30200.014949054595,299454.3126745637,False
123,2021-06-30,30374.017667724384,239008.42660571221,30200.014949054595,299582.4592224912,False
124,2021-07-01,30426.590610463845,239008.42660571221,30232.5361658526,299667.5533820287,False
125,2021-07-02,30305.01568037884,239378.4086902412,30301.64375154838,299985.0681221684,False
126,2021-07-06,30410.16156585776,239008.42660571221,30212.21040535384,299630.79857692384,False
127,2021-07-07,30439.733846148712,239748.39077477015,30391.077097742913,300579.2017186618,False
128,2021-07-08,30347.731196354653,239378.4086902412,30415.468010341418,300141.60789693723,False
129,2021-07-09,30076.53469398098,240611.04356184244,30076.53469398098,300764.1129498044,True
130,2021-07-12,30109.180449645784,240240.30235450526,29983.95435431803,300333.43715846905,False
131,2021-07-13,30015.25800413852,240121.43317042894,30015.230077880784,300151.9212524482,True
132,2021-07-14,30008.761982450156,240072.17040769674,30009.021300962107,300089.95369110897,True
133,2021-07-15,30008.17789821769,240065.4231857414,30007.98920208247,300081.59028604155,True
134,2021-07-16,29976.14326092071,239808.85934960784,29976.14326092071,299761.14587144926,True
135,2021-07-19,30060.397168784024,240483.5695551475,30060.32599562558,300604.29271955707,True
136,2021-07-20,30086.28619638121,240854.68617483138,30205.330918021737,301146.30328923435,False
137,2021-07-21,30051.77888656521,240414.96622092155,30051.79126752234,300518.53637500905,True
138,2021-07-22,30074.459474404124,240043.9554705806,30015.501703399477,300133.9166483842,False
139,2021-07-23,30103.620230197022,240043.9554705806,30019.533877190905,300167.10957796854,False
140,2021-07-26,30019.37804679533,240414.96622092155,30019.533877190905,300453.87814490777,False
141,2021-07-27,30031.59900259412,240254.46521340095,30031.61629902016,300317.68051501526,True
142,2021-07-28,29995.85870301297,241366.7544042037,30116.508470547873,301479.1215777645,False
143,2021-07-29,29846.399268400906,240625.22827700188,30072.041142604783,300543.6686880076,False
144,2021-07-30,29947.549666516727,239580.23734128886,29947.550737864232,299475.3377456698,True
145,2021-08-02,29908.559691904793,239580.23734128886,29999.984160031534,299488.7811932252,False
146,2021-08-03,29918.307185557773,239580.23734128886,29979.81745919796,299478.36198604456,False
147,2021-08-04,29980.041312026668,239951.10458175524,29931.41737719737,299862.56327097927,False
148,2021-08-05,29970.293818373688,239951.10458175524,29919.317356697225,299840.71575682616,False
149,2021-08-06,30152.24703322938,239580.23734128886,29878.983955030064,299611.46832954825,False
150,2021-08-09,30056.730722558146,240453.51630162253,30056.699792349886,300566.94681653054,True
151,2021-08-10,30092.300818087802,240824.58654282874,30048.629796433022,300965.51715734956,False
152,2021-08-11,30053.359770679468,240427.06979723665,30053.341603691417,300533.7711716075,True
153,2021-08-12,30095.410537767926,240427.06979723668,29916.074863427377,300438.555198432,False
154,2021-08-13,30033.229272001106,240267.95859451484,30033.362847232074,300334.55071374803,True
155,2021-08-16,30068.936743033533,240267.95859451484,30017.185436595264,300354.0807741437,False
156,2021-08-17,30011.32487526612,240090.1157436185,30011.25868101354,300112.6992998982,True
157,2021-08-18,30014.547394848993,240832.27993447977,30100.312861075894,300947.14019040467,False
158,2021-08-19,30067.819518155742,240542.3528766027,30067.80967952733,300677.98207428574,True
159,2021-08-20,30045.325691434882,240913.5602112888,30132.58481819334,301091.47072091704,False
160,2021-08-23,30085.99522241182,240692.25369169482,30086.51528000436,300864.764194111,True
161,2021-08-24,30039.43054856474,240315.44438851782,30039.355963905226,300394.2309009878,True
162,2021-08-25,30020.027320737052,239944.58722125157,30051.51600545046,300016.1305474391,False
163,2021-08-26,30007.42961987183,240059.15001408296,30007.42961987183,300074.00925382663,True
164,2021-08-27,29888.122194991614,240430.1842490352,30031.72713373408,300350.0335777609,False
165,2021-08-30,29875.224095004567,240059.15001408296,29764.454481249384,299698.8285903369,False
166,2021-08-31,29868.77504501104,240059.15001408296,29728.008210456017,299655.93326955,False
167,2021-09-01,29810.73359506932,239688.11577913075,29561.975199064014,299060.82457326405,False
168,2021-09-02,29739.79404514054,239688.11577913075,29557.925613420306,298985.8354376916,False
169,2021-09-03,29678.528070202057,239688.11577913075,29582.223127282556,298948.8669766154,False
170,2021-09-07,29833.30527004665,239688.11577913075,29606.520641144798,299127.9416903222,False
171,2021-09-08,29875.224095004567,240059.15001408296,29719.909039168608,299654.28314825613,False
172,2021-09-09,29938.745140848565,239512.33233128578,29938.898758014933,299389.97623014933,True
173,2021-09-10,29971.118351424742,239141.57020693397,29837.465980002955,298950.15453836165,False
174,2021-09-13,29858.42270759994,238867.1403777501,29858.35007464933,298583.91315999936,True
175,2021-09-14,29868.09397386239,239238.0520864112,29866.472585551037,298972.6186458246,False
176,2021-09-15,29859.37271772637,238875.81879152943,29859.480066038992,298594.6715752948,True
177,2021-09-16,29978.823122154517,238504.8936070705,29774.341019007512,298258.0577482325,False
178,2021-09-17,29952.92494221289,239623.38522071356,29952.600312635295,299528.91047556174,True
179,2021-09-20,29965.78027480611,239994.31925356298,30009.606349119378,299969.7058774885,False
180,2021-09-21,29993.95354643681,239952.4504847198,29994.05446824101,299940.4584993976,True
181,2021-09-22,30077.627665772357,239952.45048471983,30046.98994313745,300077.0680936296,False
182,2021-09-23,29961.77119284621,239581.58116403242,30079.56561999679,299622.91797687544,False
183,2021-09-24,30035.790606104587,239581.58116403242,30067.349741174537,299684.72151131154,False
184,2021-09-27,30051.881782899884,239952.45048471983,30055.133862352282,300059.466129972,False
185,2021-09-28,30177.392961903213,239581.58116403242,30063.277781567118,299822.25190750277,False
186,2021-09-29,30360.83237736962,239581.58116403242,30197.652448611912,300140.06599001394,False
187,2021-09-30,30331.868259138082,239952.45048471983,30262.8038023306,300547.12254618853,False
188,2021-10-01,29970.929724502173,239766.0468510199,29970.929724502173,299707.90630002425,True
189,2021-10-04,29897.627790892693,239766.0468510199,29930.56483598433,299594.2394778969,False
190,2021-10-05,29981.72024760633,239854.14071150433,29981.795169973117,299817.65612908377,True
191,2021-10-06,30074.236728472526,239854.14071150433,29977.774545704655,299906.1519856815,False
192,2021-10-07,30058.285611081803,239854.14071150433,30058.18703107403,299970.61335366016,False
193,2021-10-08,30010.43225890963,239854.14071150433,30086.33140095331,299950.90437136724,False
194,2021-10-11,30090.187845863256,239482.2738266803,30279.321365839827,299851.78303838335,False
195,2021-10-12,30153.992315426156,239854.14071150433,30315.506984256044,300323.64001118654,False
196,2021-10-13,30021.52372701911,240171.55311646996,30021.5435172296,300214.6203607187,True
197,2021-10-14,29983.230967163217,239426.83512231035,29953.92742822683,299363.99351770035,False
198,2021-10-15,29960.66704611326,239685.33636890596,29960.34215043782,299606.3455654571,True
199,2021-10-18,29963.856386867585,239313.15416957534,29964.336862724547,299241.34741916746,False
200,2021-10-19,29912.826934798413,239313.15416957534,30056.21524531922,299282.196349693,False
201,2021-10-20,29729.99939682499,237839.02640045815,29729.99939682499,297299.02519410814,True
202,2021-10-21,29796.729835830258,238211.8148430921,29607.31169963362,297615.856378556,False
203,2021-10-22,29758.843563771767,238071.0081161775,29758.556668465855,297588.4083484151,True
204,2021-10-25,29822.42404355763,237698.44002835877,29806.253032833632,297327.11710475,False
205,2021-10-26,29866.93037940773,237698.44002835877,29846.000003140125,297411.3704109066,False
206,2021-10-27,29838.31916350409,237698.44002835877,29766.506062527147,297303.26525439,False
207,2021-10-28,29676.188940050146,238071.0081161775,29830.101215017527,297577.2982712452,False
208,2021-10-29,29920.97378722571,238071.0081161775,29730.733789251313,297722.7156926545,False
209,2021-11-01,29844.677211482678,238443.57620399626,29782.404850649746,298070.6582661287,False
210,2021-11-02,29809.767079959744,238478.05029258935,29809.59941181883,298097.41678436793,True
211,2021-11-03,29797.522558756977,238381.39523731702,29797.584763957642,297976.50256003166,True
212,2021-11-04,29839.684498762734,238717.47599010178,29839.31026422463,298396.4707530892,True
213,2021-11-05,29803.06026374715,238424.28368337383,29803.06026374715,298030.4042108682,True
214,2021-11-08,29782.741909661843,238263.23763369833,29782.665135273026,297828.6446786332,True
215,2021-11-09,29754.241678169343,237890.95132489564,29674.276948367467,297319.46995143243,False
216,2021-11-10,29770.16650062894,238160.6564758009,29770.16650062894,297700.98947705876,True
217,2021-11-11,29873.742198522537,238160.6564758009,29862.483317335762,297896.88199165923,False
218,2021-11-12,29858.0489109629,238160.6564758009,29830.373120220338,297849.0785069841,False
219,2021-11-15,29945.93132129686,237787.94809320968,29838.400669499195,297572.28008400573,False
220,2021-11-16,30106.002854405146,237787.94809320968,29878.538415893465,297772.4893635083,False
221,2021-11-17,30077.7549367978,238160.6564758009,29886.565965172314,298124.977377771,False
222,2021-11-18,29986.733868951917,237787.94809320968,29806.290472383786,297580.9724345454,False
223,2021-11-19,30153.08271708405,238160.6564758009,29770.16650062894,298083.90569351387,False
224,2021-11-22,30288.04499009692,238160.6564758009,29822.345570941492,298271.04703683936,False
225,2021-11-23,30284.90633258499,237787.94809320968,29874.52464125404,297947.3790670487,False
226,2021-11-24,29843.796801183635,238748.90103606906,29843.796801183635,298436.49463843636,True
227,2021-11-26,29822.416016237046,238583.53103811297,29822.941379764132,298228.8884341141,True
228,2021-11-29,29900.005817507303,238583.53103811297,30011.06085967943,298494.5977152997,False
229,2021-11-30,29791.38009572894,238583.53103811297,30039.07865456043,298413.98978840234,False
230,2021-12-01,29731.250086635002,237849.03484678804,29731.250086635002,297311.53502005804,True
231,2021-12-02,29756.013230902892,238223.0113166729,29719.365509651667,297698.39005722746,False
232,2021-12-03,29805.211523393802,238442.7400251475,29805.088104501698,298053.03965304303,True
233,2021-12-06,29857.92569275478,238442.7400251475,29904.46489866181,298205.1306165641,False
234,2021-12-07,29791.980373052746,238335.1763072019,29791.980373052746,297919.13705330744,True
235,2021-12-08,29643.592383231582,238335.1763072019,29799.883803314864,297778.65249374835,False
236,2021-12-09,29676.18135144128,237408.95928851527,29676.18135144128,296761.3219913979,True
237,2021-12-10,29608.364171662353,238906.80761210213,29762.792652811895,298277.9644365764,False
238,2021-12-13,29691.594346845577,238157.8834503087,29806.0983034972,297655.57610065147,False
239,2021-12-14,29815.31770363335,238523.476549272,29815.43456865901,298154.22882156435,True
240,2021-12-15,29796.793119785183,238523.476549272,29901.93589537805,298222.2055644352,False
241,2021-12-16,29813.595099732716,238512.00510406948,29814.0006380087,298139.6008418109,True
242,2021-12-17,29978.122436288922,238512.00510406948,29798.352297560992,298288.4798379194,False
243,2021-12-20,29971.913857550953,238512.00510406948,29735.75893577013,298219.67789739056,False
244,2021-12-21,29953.28812133704,238512.00510406948,29637.956807971914,298103.2500333784,False
245,2021-12-22,29794.85895734666,238358.8716587732,29794.398528431804,297948.1291445517,True
246,2021-12-23,29776.252675732994,238358.8716587732,29703.861975894622,297838.98631040077,False
247,2021-12-27,29797.96000428227,238358.8716587732,29648.752770002426,297805.58443305787,False
248,2021-12-28,29832.07152057399,238358.8716587732,29514.91612712137,297705.85930646857,False
249,2021-12-29,29748.343253312505,238358.8716587732,29424.379574584193,297531.59448666987,False
250,2021-12-30,29760.747441054944,238358.8716587732,29353.524881294223,297473.14398112235,False
251,2021-12-31,29732.338477182348,237860.00269372945,29731.415803320193,297323.756974232,True
252,2022-01-03,29909.48317177829,237113.1894984587,29763.372181988274,296786.0448522252,False
253,2022-01-04,29713.105043749005,237704.29508036384,29713.105043749005,297130.5051678618,True
254,2022-01-05,29682.24710933863,237330.54618872804,29765.023103637275,296777.8164017039,False
255,2022-01-06,29675.639419320545,237404.92904816396,29675.639419320545,296756.20788680506,True
256,2022-01-07,29518.3970701896,238526.5271381553,29671.652365791142,297716.57657413604,False
257,2022-01-10,29772.94054243631,238187.0802832819,29772.98144163271,297733.0022673509,True
258,2022-01-11,29658.178713071782,237813.74630164666,29688.797705228477,297160.72271994693,False
259,2022-01-12,29465.875107109594,237813.74630164666,29592.58772076648,296872.20912952273,False
260,2022-01-13,29400.74001476756,237440.4123200114,29584.57022206132,296425.7225568403,False
261,2022-01-14,118422.01795201305,148305.86739813132,29661.152356540035,296389.0377066844,True
262,2022-01-18,29696.895886664613,237351.55072839645,29696.895886664613,296745.3425017257,True
263,2022-01-19,29628.648554636347,237351.55072839645,29840.861447117066,296821.06073014985,False
264,2022-01-20,29645.064450710277,237160.05902410674,29645.064450710277,296450.1879255273,True
265,2022-01-21,29641.8528671953,237135.37903108343,29641.922378885443,296419.1542771642,True
266,2022-01-24,29728.633699512477,237135.37903108343,29625.99656430981,296490.0092949057,False
267,2022-01-25,29621.685010874033,236972.95008939228,29621.685010874033,296216.3201111404,True
268,2022-01-26,29788.39381656316,236972.95008939228,29677.245513306007,296438.58941926144,False
269,2022-01-27,30026.108224675438,236598.58523933007,29720.900193788268,296345.59365779377,False
270,2022-01-28,29834.75005423406,238677.48178087268,29834.75005423406,298346.9818893408,True
271,2022-01-31,29610.8437363602,237928.1019322671,29767.31344328845,297306.2591119157,False
272,2022-02-01,29744.004400143585,237955.62530742039,29744.0345527864,297443.66426035034,True
273,2022-02-02,29737.727875291195,237904.47967001045,29738.059958751317,297380.26750405296,True
274,2022-02-03,29564.149309414992,237904.47967001045,29765.90830921436,297234.53728863975,False
275,2022-02-04,29719.081918693177,237755.13873365585,29719.329645725134,297193.5502980742,True
276,2022-02-07,29694.18113786478,237755.13873365585,29719.329645725134,297168.64951724577,False
277,2022-02-08,29768.88348034997,237381.30989916893,29727.29302451552,296877.4864040344,False
278,2022-02-09,29722.194516296724,238128.96756814275,29743.219782096297,297594.38186653575,False
279,2022-02-10,29740.870101918023,237755.13873365585,29787.018365443426,297283.0272010173,False
280,2022-02-11,29736.482936536777,237890.58790605128,29736.482936536777,297363.55377912486,True
281,2022-02-14,29826.23710027112,237890.58790605128,29657.752507792964,297374.5775141154,False
282,2022-02-15,29776.76710352802,238215.50216584763,29776.937770730965,297769.20704010664,True
283,2022-02-16,29686.80708206721,237466.3968131248,29572.36639220302,296725.57028739504,False
284,2022-02-17,29670.54481398186,237364.35851185478,29670.17174413031,296705.07506996696,True
285,2022-02-18,29678.731411699773,237429.68766397622,29678.729783120074,296787.1488587961,True
286,2022-02-22,29619.60477947766,236956.8382358212,29619.219043118752,296195.6620584176,True
287,2022-02-23,29668.955365385358,236956.8382358212,29658.96571386905,296284.7593150756,False
288,2022-02-24,29961.97446921233,236208.1594420271,29662.940380944074,295833.0742921835,False
289,2022-02-25,29801.585065012303,236956.8382358212,29972.964412796366,296731.38771362987,False
290,2022-02-28,29624.966934075495,236998.6930329519,29624.966934075495,296248.62690110295,True
291,2022-03-01,29839.396433133017,236623.69510093774,29707.839493768533,296170.93102783925,False
292,2022-03-02,29637.001271377292,237094.83012133534,29637.001271377292,296368.83266409,True
293,2022-03-03,29758.72629970208,237470.57470155935,29570.53306272117,296799.83406398265,False
294,2022-03-04,30020.43511060037,237470.57470155935,29672.19032301877,297163.20013517846,False
295,2022-03-07,30215.195155920028,237470.57470155935,29879.414738240805,297565.1845957202,False
296,2022-03-08,29775.324574980434,238200.7676888819,29775.324574980434,297751.41683884274,True
297,2022-03-09,29447.693807902615,238200.7676888819,29709.655073452846,297358.1165702374,False
298,2022-03-10,29721.63260368341,237775.29754855458,29721.12877290154,297218.05892513954,True
299,2022-03-11,29905.676821410005,237775.29754855458,29791.40071798393,297472.3750879485,False
300,2022-03-14,29887.574111469687,238527.7510218095,29963.176583740882,298378.50171702006,False
301,2022-03-15,29890.59122979307,239280.2044950644,29861.672663066314,299032.4683879238,False
302,2022-03-16,29910.890329287366,239291.70082188727,29911.123620051225,299113.7147712259,True
303,2022-03-17,29815.14507594984,238521.49618511982,29815.181759070787,298151.82302014047,True
304,2022-03-18,29820.30600768938,238562.3457458113,29820.25400940587,298202.90576290654,True
305,2022-03-21,29864.87858626322,238919.02869010565,29864.73767731578,298648.64495368465,True
306,2022-03-22,29861.84661889406,238543.36983996394,30006.29535425895,298411.51181311696,False
307,2022-03-23,29901.262194693187,239294.6875402473,29923.720042708766,299119.6697776492,False
308,2022-03-24,29952.805639968974,239294.6875402473,30100.667138887726,299348.16031910403,False
309,2022-03-25,29958.8695747073,239294.6875402473,30010.227511951813,299263.78462690645,False
310,2022-03-28,30043.764661043886,239294.6875402473,29994.49888118035,299332.9510824716,False
311,2022-03-29,29834.558912571585,239294.6875402473,29896.194938858705,299025.4413916776,False
312,2022-03-30,29649.60890305259,238919.02869010568,29754.637261915537,298323.27485507383,False
313,2022-03-31,29816.795427848145,238534.55426497155,29816.819283121455,298168.16897594114,True
314,2022-04-01,29913.849385094723,238158.90929762513,29848.275771881177,297921.034454601,False
315,2022-04-04,30023.035086997126,238910.199232318,29879.7322606409,298812.966579956,False
316,2022-04-05,29875.801239998276,239006.16954359616,29875.310036954175,298757.2808205486,True
317,2022-04-06,29914.846722668422,239006.16954359613,29863.43590736874,298784.45217363327,False
318,2022-04-07,29902.740681339466,239221.38639806645,29902.740681339466,299026.8677607454,True
319,2022-04-08,29917.729523786253,239221.38639806645,29886.992035819334,299026.10795767204,False
320,2022-04-11,29906.90161094138,239255.12837416117,29906.86170486392,299068.89168996643,True
321,2022-04-12,30014.641874925554,239631.31568292557,29875.347625090617,299521.3051829417,False
322,2022-04-13,29891.93768538802,239255.12837416117,29997.464684212166,299144.53074376134,False
323,2022-04-14,29964.058281748043,239712.26350435434,29964.058281748043,299640.3800678504,True
324,2022-04-18,29986.04399726057,239887.91203203838,29986.04399726057,299860.0000265595,True
325,2022-04-19,30039.60113081392,239887.91203203838,29966.401625979775,299893.9147888321,False
326,2022-04-20,29870.003541228303,240641.0922895958,30033.18568833448,300544.28151915857,False
327,2022-04-21,29926.536071090177,241770.86267593192,29966.401625979775,301663.80037300184,False
328,2022-04-22,30116.96143483543,242900.63306226805,29970.33010023594,302987.9245973394,False
329,2022-04-25,30274.657439186973,244783.5837061616,30037.11416259063,305095.35530793923,False
330,2022-04-26,30438.30423615555,247043.12447883387,30064.61348238375,307546.0421973731,False
331,2022-04-27,30631.704996209326,247043.12447883387,30166.753813043884,307841.58328808704,False
332,2022-04-28,30831.056548880137,247043.12447883387,30041.042636846796,307915.22366456076,False
333,2022-04-29,30634.680392517843,249679.25538028483,30088.184327920702,310402.1201007234,False
334,2022-05-02,30866.76130458237,248926.07512272743,30060.685008127588,309853.5214354374,False
335,2022-05-03,30786.425604252345,248926.07512272743,30060.685008127588,309773.18573510734,False
336,2022-05-04,30948.110061974716,247593.36679094142,30946.90194728797,309488.3788002041,True
337,2022-05-05,31298.044828247166,247593.36679094142,30756.69606373592,309648.10768292454,False
338,2022-05-06,31270.894717070852,249091.66250525875,30975.23048313615,311337.78770546574,False
339,2022-05-09,31225.389009869406,249803.11207895514,31225.188666882972,312253.6897557075,True
340,2022-05-10,31306.728662861828,252050.2165354375,31391.53907428191,314748.48427258123,False
341,2022-05-11,31285.640604678607,252050.2165354375,31350.965804184605,314686.8229443007,False
342,2022-05-12,31586.89857872462,251675.69912602374,31411.82570933056,314674.42341407895,False
343,2022-05-13,31499.53376625128,254297.32099191984,31419.94036335002,317216.79512152117,False
344,2022-05-16,31711.75090435118,253700.49304493816,31711.8812195596,317124.1251688489,True
345,2022-05-17,31459.12826061751,253700.49304493816,31842.837497663346,317002.458803219,False
346,2022-05-18,31509.11658615904,252072.33148579058,31509.11658615904,315090.5646581087,True
347,2022-05-19,31530.814846468766,252253.58286349752,31531.697857937204,315316.0955679035,True
348,2022-05-20,31662.807159396936,250758.74681689902,31369.622823971968,313791.17680026795,False
349,2022-05-23,31287.738782294997,250301.1842587315,31287.738782294997,312876.6618233215,True
350,2022-05-24,31220.30831078143,248804.61514507688,31171.14350798421,311196.06696384255,False
351,2022-05-25,31123.726475898948,248989.349104906,31123.726475898948,311236.8020567039,True
352,2022-05-26,31053.586782684597,250487.02940027387,31131.7604786031,312672.37666156155,False
353,2022-05-27,31453.666233525255,251638.32417462894,31454.113922403612,314546.1043305578,True
354,2022-05-31,31478.415847951164,248651.51913991524,31409.544135833155,311539.47912369954,False
355,2022-06-01,31725.91199221024,249024.86976925447,31441.958526066213,312192.74028753093,False
356,2022-06-02,31484.603251557637,249771.5710279329,31433.854928507953,312690.0292079985,False
357,2022-06-03,31599.07021827746,248651.51913991524,31344.715355367043,311595.30471355974,False
358,2022-06-06,31691.881272374616,248651.51913991524,31478.424715078407,311821.8251273682,False
359,2022-06-07,31654.75685073575,248278.16851057604,31531.098099207124,311464.02346051886,False
360,2022-06-08,31722.818290407,249024.86976925447,31470.321117520143,312218.00917718164,False
361,2022-06-09,31282.19905230368,250255.4453311485,31282.19905230368,312819.8434357559,True
362,2022-06-10,31351.657612215437,250812.80322977877,31351.58463612952,313516.0454781237,True
363,2022-06-13,31469.08462461189,251752.2021445967,31469.08462461189,314690.3713938205,True
364,2022-06-14,31631.408403556703,253051.8794506372,31631.059070846706,316314.3469250406,True
365,2022-06-15,31576.142206775552,252610.19262996496,31576.239067214596,315762.5739039551,True
366,2022-06-16,31116.7327585408,251485.81491796215,31539.800273573757,314142.34795007674,False
367,2022-06-17,31412.123176435216,251296.52079438846,31412.123176435216,314120.7671472589,True
368,2022-06-21,31334.117903981794,250921.451360367,31391.98203564499,313647.5512999938,False
369,2022-06-22,31262.113037101717,250921.451360367,31472.54659880589,313656.11099627457,False
370,2022-06-23,31331.117701195126,251296.52079438846,31496.715967754157,314124.35446333775,False
371,2022-06-24,31402.860800707393,251225.7667645339,31403.220845566753,314031.8484108081,True
372,2022-06-27,31362.486580304703,250900.46907301332,31362.574183945093,313625.5298372631,True
373,2022-06-28,31534.476356625408,250900.46907301332,31438.72612126074,313873.67155089945,False
374,2022-06-29,31505.729335358923,252044.84707683825,31505.729335358923,315056.30574755615,True
375,2022-06-30,31379.838303860008,251669.22137329602,31437.992216514725,314487.05189367075,False
376,2022-07-01,31464.584236012095,251716.5553309542,31464.57752820439,314645.71709517064,True
377,2022-07-05,31871.58285272292,251716.5553309542,31456.60777705743,315044.74596073455,False
378,2022-07-06,32051.1410659777,252467.94803343466,31627.95742671711,316147.0465261295,False
379,2022-07-07,32060.118976640435,252092.25168219444,31496.456532792243,315648.8271916271,False
380,2022-07-08,32024.20733398948,251716.5553309542,31568.184293114893,315308.9469580586,False
381,2022-07-11,32326.463659635025,251340.858979714,31612.01792442318,315279.3405637722,False
382,2022-07-12,32341.426844072917,252467.94803343466,31671.7910580254,316481.16593553295,False
383,2022-07-13,32308.507838309542,252467.94803343466,31671.7910580254,316448.2469297696,False
384,2022-07-14,31675.33207631742,253400.32129957865,31675.33207631742,316750.98545221344,True
385,2022-07-15,31535.253216941775,254908.65654540947,31703.113973890933,318147.0237362422,False
386,2022-07-18,31787.08078437414,254305.72711657727,31787.844613275352,317880.6525142268,True
387,2022-07-19,31582.805048682436,253553.3433085401,31911.455148023415,317047.603505246,False
388,2022-07-20,31709.802298327922,253678.27731781724,31709.823779930786,317097.90339607594,True
389,2022-07-21,31659.459877794532,254054.65458386738,31765.413253123752,317479.52771478565,False
390,2022-07-22,31808.655163743155,254473.2988968413,31808.834806966603,318090.788867551,True
391,2022-07-25,31734.14786691063,253721.53139640752,31848.705494867037,317304.3847581852,False
392,2022-07-26,31745.2192380549,253961.15372351668,31745.2192380549,317451.59219962644,True
393,2022-07-27,31526.06201969348,254337.39246977374,31793.004314680173,317656.4588041474,False
394,2022-07-28,31496.44617937437,254337.39246977374,31796.98640439894,317630.82505354704,False
395,2022-07-29,31700.137662312314,253607.85321098266,31700.942941184097,317008.9338144791,True
396,2022-08-01,31565.43452776991,253232.13787289232,31549.549723669334,316347.12212433154,False
397,2022-08-02,31801.91336396657,254359.28388716333,31457.9169867525,317619.1142378824,False
398,2022-08-03,31680.508028899225,253444.06423119368,31679.593560310575,316804.1658204035,True
399,2022-08-04,31436.605892163727,253819.53691894357,31889.178657656146,317145.3214687634,False
400,2022-08-05,31713.2266082174,253444.06423119368,31901.270105579926,317058.560944991,False
401,2022-08-08,31659.68711478766,253819.53691894357,32006.062654252706,317485.2866879839,False
402,2022-08-09,31638.86620067609,253444.06423119368,32082.64182443666,317165.5722563064,False
403,2022-08-10,31290.859493382766,253444.06423119368,32074.580859154146,316809.5045837306,False
404,2022-08-11,31258.14091406459,252317.64616794392,31881.11769237362,315456.9047743821,False
405,2022-08-12,31418.759394353812,253068.59154344376,32086.672307077926,316574.0232448755,False
406,2022-08-15,31692.405694105833,253068.59154344376,32094.73327236045,316855.73050991003,False
407,2022-08-16,31793.2135201286,254347.6438022611,31793.503263052156,317934.3605854419,True
408,2022-08-17,31854.57734832849,254837.4296442759,31854.12644538955,318546.13343799394,True
409,2022-08-18,31852.7341504068,254820.97437433468,31852.7341504068,318526.44267514825,True
410,2022-08-19,31889.549258359923,255115.6559792412,31889.549258359923,318894.75449596107,True
411,2022-08-22,32148.98166427059,256620.76309416298,31949.514563471548,320719.2593219051,False
412,2022-08-23,32170.162513204003,257364.2646421064,32169.940927428237,321704.36808273866,True
413,2022-08-24,32187.932811038583,256612.83613220247,32157.859076804514,320958.6280200456,False
414,2022-08-25,32125.736768617546,257739.9788970584,32137.722659098315,322003.43832477427,False
415,2022-08-26,32223.473406707744,257364.2646421064,32169.940927428237,321757.6789762424,False
416,2022-08-29,32235.320271930803,258115.69315201035,32202.15919575816,322553.1726196993,False
417,2022-08-30,32214.588257790452,259618.5501718183,32206.186479299402,324039.3249089081,False
418,2022-08-31,32389.689664154434,259121.44133765745,32389.42867490711,323900.559676719,True
419,2022-09-01,32684.683157875803,258371.45163769316,32336.584476516822,323392.71927208576,False
420,2022-09-02,32416.413720763434,259330.78542295564,32416.38692429044,324163.5860680095,True
421,2022-09-06,32617.6659925622,260081.38103923047,32440.78460637094,325139.83163816365,False
422,2022-09-07,32508.161079965816,260831.9766555053,32489.579970531944,325829.71770600305,False
423,2022-09-08,32469.68638094546,261582.57227178014,32387.922961863194,326440.18161458883,False
424,2022-09-09,32587.094657786787,260703.32035202885,32587.476332369723,325877.8913421854,True
425,2022-09-12,32386.78866310131,259579.5991436149,32567.035060049835,324533.42286676605,False
426,2022-09-13,32485.62318478936,259884.22248964416,32485.520159823587,324855.3658342571,True
427,2022-09-14,32453.089517863376,259624.72328296828,32453.12657632476,324530.9393771564,True
428,2022-09-15,32476.764943373397,261125.4442268005,32391.971187047773,325994.1803572217,False
429,2022-09-16,32728.257009883244,261830.9767676362,32728.437817871,327287.6715953904,True
430,2022-09-19,32722.293406200683,261456.39740173117,32662.857980039324,326841.54878797114,False
431,2022-09-20,32811.66108537968,262493.28868303733,32811.30979101194,328116.2595594289,True
432,2022-09-21,32863.63275387666,262908.95880089246,32863.55345025826,328636.1450050274,True
433,2022-09-22,33009.00692105703,264071.9565452378,33008.94205006926,330089.9055163641,True
434,2022-09-23,33217.55499879361,265739.0789090773,33217.55499879361,332174.1889066645,True
435,2022-09-26,33484.610171944085,267615.7673194521,33295.41504628646,334395.79253768263,False
436,2022-09-27,33487.544844176504,268366.44268360204,33447.03724403571,335301.02477181423,False
437,2022-09-28,33044.409337080666,269492.45572982694,33488.01621640037,336024.881283308,False
438,2022-09-29,32941.695808945864,270243.1310939769,33369.177196542856,336554.0040994656,False
439,2022-09-30,32903.545069924374,267240.42963737715,33389.66668272518,333533.6413900267,False
440,2022-10-03,33305.33291926868,266452.8899394384,33306.61124242981,333064.8341011369,True
441,2022-10-04,33254.46980984295,266044.7720659561,33255.596508244525,332554.83838404354,True
442,2022-10-05,33284.47181631996,266275.1973853394,33284.36908898484,332844.03829064424,True
443,2022-10-06,33327.41854884142,266618.48855095374,33327.41854884142,333273.3256486366,True
444,2022-10-07,33487.73216024686,266618.48855095374,33613.14044699437,333719.361158195,False
445,2022-10-10,33588.67036002065,266618.48855095374,33809.06403429926,334016.2229452737,False
446,2022-10-11,33537.25850798121,268297.619304136,33537.25850798121,335372.1363200984,True
447,2022-10-12,33566.879827984725,268672.8607297362,33476.22248788661,335715.96304560755,False
448,2022-10-13,33577.09779256033,268622.6850585038,33577.51059403778,335777.29344510194,True
449,2022-10-14,33860.99101882352,268622.6850585038,33573.42573873437,336057.1018160617,False
450,2022-10-17,33651.24919705322,269213.39552568074,33651.67444071011,336516.31916344404,True
451,2022-10-18,33678.28072532647,269587.8230577053,33561.838639509326,336827.9424225411,False
452,2022-10-19,33933.5784923516,269587.8230577053,33602.67309460059,337124.0746446575,False
453,2022-10-20,33903.54346093687,270711.1056537791,33892.597725748565,338507.24684046453,False
454,2022-10-21,33779.864884455936,270241.6767691814,33780.20959614769,337801.751249785,True
455,2022-10-24,33773.83330426051,270990.2686715891,33661.9401191118,338426.0420949614,False
456,2022-10-25,33893.984828904875,271160.57079955307,33894.71305012509,338949.26867858303,True
457,2022-10-26,33992.241796311086,271947.5547648722,33992.880465441,339932.67702662427,True
458,2022-10-27,34268.02206247988,267104.6531046758,33827.96655172145,335200.64171887713,False
459,2022-10-28,33762.14074037913,270095.23388770275,33762.14074037913,337619.51536846097,True
460,2022-10-31,34024.50128105615,270842.3852954142,33680.233557602856,338547.1201340732,False
461,2022-11-01,34009.247761249346,272710.26381469297,33880.90615540473,340600.4177313471,False
462,2022-11-02,33969.588609751656,271963.11240698147,33860.42935971066,339793.1303764438,False
463,2022-11-03,34451.59983564666,272336.6881108372,33946.43190162574,340734.7198481096,False
464,2022-11-04,33826.2055235677,272710.26381469297,33860.42935971066,340396.8986979713,False
465,2022-11-07,33594.352022504296,268227.355368424,33569.65886085489,335391.3662517832,False
466,2022-11-08,33441.81682443625,270095.23388770275,33512.323832911505,337049.3745450505,False
467,2022-11-09,33725.5322928428,270842.3852954142,33340.31874908133,337908.23633733834,False
468,2022-11-10,33011.66756588439,270468.80959155847,33311.65123510964,336792.1283925525,False
469,2022-11-11,32425.932405303134,268600.9310722798,32959.450349171675,333986.3138267546,False
470,2022-11-14,32538.80845187348,265612.3254414338,32967.641067449294,331118.7749607566,False
471,2022-11-15,32459.4901488781,264118.0226260109,33168.31366525116,329745.82644014014,False
472,2022-11-16,32422.881701341772,262997.2955144436,33201.07653836167,328621.25375414704,False
473,2022-11-17,32547.960563757562,264865.1740337223,33377.17698133065,330790.31157881056,False
474,2022-11-18,32621.17745883022,267480.20396071253,33385.36769960828,333486.74911915103,False
475,2022-11-21,32898.79151931404,265985.90114528954,33385.36769960828,332270.06036421185,False
476,2022-11-22,32709.64787370968,267480.20396071253,33471.37024152337,333661.2220759456,False
477,2022-11-23,33253.57651075176,266046.479758689,33255.80996983614,332555.8662392769,True
478,2022-11-25,33286.87370976781,266296.41062921047,33286.92243111045,332870.20677008876,True
479,2022-11-28,33384.535298954914,267076.19497956155,33384.30160364233,333845.03188215883,True
480,2022-11-29,33428.34702506902,268566.15980511,33376.12619000118,335370.6330201802,False
481,2022-11-30,33156.08844135989,266703.70377317443,33367.95077636003,333227.74299089436,False
482,2022-12-01,32973.02414018809,263788.0141563222,32973.52188225447,329734.5601787648,True
483,2022-12-02,32916.35323075207,262297.6863927272,32912.69260808969,328126.73223156895,False
484,2022-12-05,33149.333636211246,261552.52251092964,33018.130016641975,327719.9861637829,False
485,2022-12-06,32577.04513275868,260613.11476678148,32577.04513275868,325767.20503229887,True
486,2022-12-07,32428.939604593077,261736.44715801763,32763.995208612123,326929.3819712228,False
487,2022-12-08,32602.40441159488,260824.75138041953,32603.093922552453,326030.2497145669,True
488,2022-12-09,32614.85164053889,260824.75138041953,32614.985628542443,326054.58864950086,False
489,2022-12-12,32583.148665983543,260664.65304201993,32583.148665983543,325830.95037398697,True
490,2022-12-13,32630.439027472203,261051.60162693818,32631.450203367287,326313.49085777765,True
491,2022-12-14,32564.537967693694,259555.60390987835,32536.68316502256,324656.82504259463,False
492,2022-12-15,32532.21728750297,260256.9184753323,32532.21728750297,325321.3530503382,True
493,2022-12-16,32575.77610942579,261005.85924792316,32670.21602766326,326251.8513850122,False
494,2022-12-19,32581.99879827191,261005.85924792316,32618.95935274658,326206.81739894167,False
495,2022-12-20,32348.647966542496,261380.32963421862,32559.817035535023,326288.7946362961,False
496,2022-12-21,32561.87662706049,260498.1010677024,32562.262633462815,325622.24032822566,True
497,2022-12-22,32646.28241324815,261246.6588293912,32656.828739852346,326549.76998249174,False
498,2022-12-23,32650.72651306904,261206.65283624694,32650.831604530882,326508.21095384686,True
499,2022-12-27,32610.03439873006,260458.20970491096,32662.651623212383,325730.8957268534,False
500,2022-12-28,32697.678952690934,260458.20970491096,32615.371548486382,325771.2602060883,False
501,2022-12-29,32503.608868920423,261206.65283624694,32642.951592076548,326353.2132972439,False
502,2022-12-30,32549.700167535786,260400.53196412322,32550.066495515417,325500.2986271744,True
503,2023-01-03,32351.881505222053,258813.4046913898,32351.881505222053,323517.1677018339,True
504,2023-01-04,32383.70884466593,259071.9830908098,32383.99582636029,323839.68776183604,True
505,2023-01-05,32629.11057116268,258322.1365406193,32337.056830114812,323288.30394189677,False
506,2023-01-06,32268.773858838336,257947.2132655241,32329.233664073898,322545.22078843636,False
507,2023-01-09,31995.414973626772,256447.52016514313,32180.593509296545,320623.52864806645,False
508,2023-01-10,32069.967396866283,253823.05723947645,32145.38926211244,318038.41389845515,False
509,2023-01-11,31818.657993560435,254548.38628877894,31818.657993560435,318185.7022758998,True
510,2023-01-12,31528.808797766786,254172.94619100788,31814.76055872536,317516.5155475,False
511,2023-01-13,31617.340495622386,252940.8068537467,31617.596835546698,316175.7441849158,True
512,2023-01-17,31676.120287150447,252565.52375752453,31824.171371084663,316065.81541575963,False
513,2023-01-18,31666.83926743549,254066.6561424132,31777.399778132673,317510.89518798137,False
514,2023-01-19,31574.029070285913,253316.08994996888,31742.321083418672,316632.4401036735,False
515,2023-01-20,31765.967346674865,254131.8946969827,31766.231700661305,317664.0937443189,True
516,2023-01-23,31806.449414659055,254131.8946969827,31664.567246671006,317602.91135831276,False
517,2023-01-24,31773.293651124037,254186.91976292327,31773.382197993596,317733.5956120409,True
518,2023-01-25,31686.00438285172,254186.91976292327,31816.271780050036,317689.195925825,False
519,2023-01-26,31771.198269117787,254170.0438992161,31771.255487402028,317712.49765573593,True
520,2023-01-27,31799.27572241925,254170.0438992161,31751.763919618348,317721.0835412537,False
521,2023-01-30,31785.36635187666,254282.64877410946,31785.340836456475,317853.3559624426,True
522,2023-01-31,31729.42808492967,253157.5043105072,31812.637779881232,316699.5701753181,False
523,2023-02-01,31649.533727750942,253200.04218132084,31650.01859071589,316499.59449978766,True
524,2023-02-02,31815.2544635315,252824.93100771887,31626.79490090981,316266.9803721602,False
525,2023-02-03,32181.09080478292,252449.81983411696,31758.395809810914,316389.3064487108,False
526,2023-02-06,32399.967248266676,253950.26452852474,31828.06687922915,318178.29865602055,False
527,2023-02-07,32340.557927892514,254700.48687572867,32029.33885754849,319070.3836611697,False
528,2023-02-08,32334.304315221543,254700.48687572867,32025.46824258081,319060.259433531,False
529,2023-02-09,32274.894994847382,254700.48687572867,31994.50332283937,318969.88519341545,False
530,2023-02-10,32403.094054602156,254325.3757021267,31944.18532825954,318672.6550849884,False
531,2023-02-13,32315.543477208652,255450.70922293255,31936.44409832418,319702.6967984654,False
532,2023-02-14,32278.021801182866,255825.82039653455,31971.27963303329,320075.12183075066,False
533,2023-02-15,32493.77143833114,256200.9315701365,32075.786237160646,320770.48924562836,False
534,2023-02-16,32475.010600318245,256951.1539173404,32025.46824258081,321451.6327602395,False
535,2023-02-17,32475.010600318245,257326.26509094238,32009.985782710093,321811.2614739707,False
536,2023-02-21,32575.06840305368,256951.1539173404,32009.985782710093,321536.20810310415,False
537,2023-02-22,32703.26746280845,257701.37626454432,32071.915622192962,322476.55934954574,False
538,2023-02-23,32706.394269143926,258451.59861174822,32064.174392257606,323222.1672731497,False
539,2023-02-24,32897.129455608345,259201.82095895216,31979.020862968653,324077.97127752914,False
540,2023-02-27,32728.28191349231,260702.26565335997,32095.139311999043,325525.6868788513,False
541,2023-02-28,32510.860522783176,260086.8841822653,32509.56076610186,325107.3054711503,True
542,2023-03-01,32389.95620692654,259712.1192194666,32505.627364920234,324607.70279131335,False
543,2023-03-02,32244.308427499036,257953.24084213946,32244.308427499036,322441.8576971375,True
544,2023-03-03,32087.737949559163,259455.15199696997,32220.83525951008,323763.7252060392,False
545,2023-03-06,32035.547790245873,259455.15199696997,31966.542606296356,323457.2423935122,False
546,2023-03-07,32425.43898040987,260206.1075743852,32021.31333160393,324652.859886399,False
547,2023-03-08,32437.719017895342,261332.54094050807,32107.38161423011,325877.6415726335,False
548,2023-03-09,32330.268689897395,260957.06315180048,32064.34747291702,325351.67931461486,False
549,2023-03-10,32551.536421484627,260421.21566976115,32551.490606724557,325524.24269797036,True
550,2023-03-13,32332.24063046847,258659.37003519837,32332.45537975652,323324.0660454234,True
551,2023-03-14,32088.524870009485,256706.5272256163,32088.524870009485,320883.5769656353,True
552,2023-03-15,32228.79848008736,257830.38784069876,32228.331289434504,322287.51761022065,True
553,2023-03-16,32157.9659559553,259331.58369421083,32392.801509866615,323882.35116003273,False
554,2023-03-17,32323.960135986366,258599.3885584325,32324.923569804076,323248.2722642229,True
555,2023-03-20,32189.93928111727,258224.60683588398,32289.71123476071,322704.257351762,False
556,2023-03-21,32183.705752983828,257849.82511333557,32289.71123476071,322323.2421010801,False
557,2023-03-22,31900.080222912013,257849.82511333557,32348.39845983298,322098.3037960806,False
558,2023-03-23,31956.18197611303,257849.82511333557,32289.71123476071,322095.7183242093,False
559,2023-03-24,32140.0710560497,255601.13477804489,32187.986711302117,319929.19254539674,False
560,2023-03-27,32174.655672329718,257399.5621312836,32174.945266410465,321749.1630700238,True
561,2023-03-28,32040.151473038433,257774.23398300307,32124.146834486324,321938.53229052783,False
562,2023-03-29,32160.86325021677,160805.00533885215,128402.8066256493,321368.6752147182,True
563,2023-03-30,32004.194976394592,161273.14218117777,128559.0904701304,321836.42762770277,False
564,2023-03-31,32120.129499023005,160805.00533885215,128309.03631896067,321234.1711568358,False
565,2023-04-03,31988.528149012378,160805.00533885215,128434.06339454553,321227.59688241006,False
566,2023-04-04,31831.859875190195,161039.07376001496,128371.5498567531,321242.48349195824,False
567,2023-04-05,31913.327377577727,161039.07376001496,128324.66470340878,321277.06584100146,False
568,2023-04-06,31903.927281148397,161039.07376001496,128074.61055223906,321017.6115934024,False
569,2023-04-10,32142.06305735811,160805.00533885215,127965.2118611023,320912.2802573126,False
570,2023-04-11,32118.118209251617,256707.23211891466,32118.35646348518,320943.70679165144,True
571,2023-04-12,31898.131098229343,257080.35309583167,32153.616918251137,321132.1011123122,False
572,2023-04-13,32018.190793498838,256151.0176555055,32018.8772069382,320188.08565594256,True
573,2023-04-14,32189.3602126503,256151.01765550548,31909.491096421578,320249.8689645773,False
574,2023-04-17,32048.671453665393,256388.7761168166,32048.47988844759,320485.9274589296,True
575,2023-04-18,32080.83632875315,160405.9603293247,128084.38451600968,320571.1811740876,True
576,2023-04-19,32057.921746218926,256222.79801915772,32057.921746218926,320338.6415115956,True
577,2023-04-20,32113.108142970486,256906.78988295633,32113.348735369556,321133.2467612964,True
578,2023-04-21,32106.801562423945,256161.05174106098,32035.34691672644,320303.20022021135,False
579,2023-04-24,32086.24357410857,256692.50632069894,32086.34763197862,320865.09752678615,True
580,2023-04-25,32247.703704575222,256692.50632069894,32008.135937567946,320948.3459628421,False
581,2023-04-26,32236.703986903234,257895.8855157606,32236.55070758925,322369.14021025307,True
582,2023-04-27,32246.23489376839,257895.8855157606,32150.051852171884,322292.1722617009,False
583,2023-04-28,32197.403659899344,257579.09064614857,32197.285354367224,321973.77966041514,True
584,2023-05-01,32349.412647376004,257206.86652671773,32185.472726745465,321741.7519008392,False
585,2023-05-02,32289.242423166488,257206.86652671773,32197.285354367224,321693.3943042514,False
586,2023-05-03,32092.897481009142,257206.86652671773,32201.222896907813,321500.9869046347,False
587,2023-05-04,32111.898604443726,257206.86652671773,32201.222896907813,321519.98802806926,False
588,2023-05-05,32051.728380234214,257206.86652671773,32177.5976416643,321436.19254861627,False
589,2023-05-08,32102.398042726436,257206.86652671773,32181.535184204884,321490.79975364904,False
590,2023-05-09,32159.042950263094,257272.1800117241,32159.042950263094,321590.26591225027,True
591,2023-05-10,32117.898618174382,257644.49865139375,32284.86387878839,322047.2611483565,False
592,2023-05-11,32252.84406318024,258022.73767667965,32252.73741397592,322528.3191538358,True
593,2023-05-12,32448.775508596387,258767.39204226894,32323.605245207797,323539.7727960731,False
594,2023-05-15,32369.77089350923,259139.71922506357,32362.976262558845,323872.4663811316,False
595,2023-05-16,32410.853293354554,258767.39204226894,32390.535974704573,323568.78131032805,False
596,2023-05-17,32511.97920066611,259884.37359065283,32402.34727990989,324798.70007122884,False
597,2023-05-18,32733.192122910143,260629.0279562421,32461.403805936458,325823.6238850887,False
598,2023-05-19,32613.10510797767,262118.3366874206,32571.642654519383,327303.08444991766,False
599,2023-05-22,32613.10510797767,261001.35513903672,32638.57338401616,326253.0336310306,False
600,2023-05-23,32704.75046147877,261746.00950462598,32607.07657013532,327057.83653624007,False
601,2023-05-24,32831.15784561822,262862.9910530099,32634.63628228105,328328.78518090915,False
602,2023-05-25,32932.28375292977,262862.9910530099,32563.768451049174,328359.0432569888,False
603,2023-05-26,32932.28375292977,263607.64541859913,32575.579756254483,329115.5089277834,False
604,2023-05-30,32919.64301451583,263235.3182358045,32512.586128492814,328667.54737881315,False
605,2023-05-31,32967.045783568115,263607.64541859913,32551.957145843862,329126.64834801113,False
606,2023-06-01,32999.26960286026,263999.61501183594,32998.82275304207,329997.70736773824,True
607,2023-06-02,33145.848050304405,263257.00006102904,32843.149100281866,329245.9972116153,False
608,2023-06-05,32892.02079778229,263135.5405891319,32892.02079778229,328919.58218469645,True
609,2023-06-06,32933.135823779514,264250.52169332316,32931.933454981394,330115.5909720841,False
610,2023-06-07,33047.8643275905,264385.4036183562,33047.89500085732,330481.162946804,True
611,2023-06-08,32806.59269561193,264756.73143242695,33087.94334671392,330651.2674747528,False
612,2023-06-09,32992.348748603144,263941.1126281617,32992.639078520224,329926.10045528505,True
613,2023-06-12,33014.64948645948,264683.56301530136,32972.641115689265,330670.8536174501,False
614,2023-06-13,32922.26071534037,265054.7882088712,32932.645190027346,330909.69411423896,False
615,2023-06-14,32817.12866544622,266168.46378958074,32912.64722719638,331898.2396822233,False
616,2023-06-15,33112.897684711024,264914.78937740304,33113.59491542015,331141.28197753424,True
617,2023-06-16,33171.263544319794,263434.8184870265,33061.12334863559,329667.2053799819,False
618,2023-06-20,33249.08469046483,264914.78937740304,33089.377269211895,331253.2513370798,False
619,2023-06-21,33096.68494593081,265654.7748225913,33093.41354357993,331844.873312102,False
620,2023-06-22,33200.44647412418,265654.7748225913,33073.23217173972,331928.4534684552,False
621,2023-06-23,33365.816409682375,265654.7748225913,33065.15962300364,332085.7508552773,False
622,2023-06-26,33204.18749986087,265633.49999888684,33203.900653675235,332041.588152423,True
623,2023-06-27,33139.518715169346,267853.2785504096,33216.051385800274,334208.84865137923,False
624,2023-06-28,33359.85593828789,266880.54133707896,33359.69773217539,333600.09500754223,True
625,2023-06-29,33499.24703782597,267619.822615021,33371.90249963838,334490.9721524854,False
626,2023-06-30,33473.87072479962,267793.25037681864,33473.95164379476,334741.07274541305,True
627,2023-07-03,33499.89258524063,267423.8803762989,33482.10806476059,334405.88102630014,False
628,2023-07-05,33338.46709674895,266706.7574704409,33338.46709674895,333383.69166393875,True
629,2023-07-06,33494.7783395012,267962.6512987703,33495.32544653009,334952.7550848015,True
630,2023-07-07,33202.58777532992,267962.6512987703,33649.81292886631,334815.0520029665,False
631,2023-07-10,33317.294606835276,266542.461061214,33317.825861946534,333177.5815299958,True
632,2023-07-11,33238.87790873151,267281.8298852396,33281.531933992344,333802.23972796346,False
633,2023-07-12,32843.52705579172,266542.461061214,33229.107371391845,332615.0954883975,False
634,2023-07-13,32598.474874217467,265063.72341316286,33067.801024928776,330729.9993123091,False
635,2023-07-14,131771.10596230117,165024.23576908107,33004.84715381623,329800.18888519844,True
636,2023-07-17,131678.78309754928,164793.43264213132,33024.96470053926,329497.1804402198,False
637,2023-07-18,230971.03632775313,66062.68652183368,33031.307219509144,330065.03006909596,True
638,2023-07-19,231756.8093150599,66154.82415993944,33039.357745275534,330950.9912202749,False
639,2023-07-20,233143.4675279541,66615.51235046827,33031.307219509144,332790.28709793155,False
640,2023-07-21,233582.5759620373,66154.82415993944,33039.357745275534,332776.7578672523,False
641,2023-07-24,133355.05506692835,166442.6284391553,33337.92520769075,333135.6087137744,True
642,2023-07-25,133355.05506692835,166674.4426848923,33264.73547068155,333294.2332225022,False
643,2023-07-26,33158.68251313979,265020.23074925947,33158.68251313979,331337.59577553906,True
644,2023-07-27,33201.013352361886,166005.06676180937,132555.12600569945,331761.2061198707,True
645,2023-07-28,33152.07798827764,166469.41659890534,133185.72492180366,332807.2195089867,False
646,2023-07-31,33106.62612259613,264603.14320251596,33106.62612259612,330816.3954477082,True
647,2023-08-01,33249.63530671102,264603.14320251596,33098.57587916206,330951.35438838904,False
648,2023-08-02,33343.89135987764,267584.58706958656,33130.776852898314,334059.2552823625,False
649,2023-08-03,33327.64031622822,267957.26755297044,33299.831965013705,334584.73983421235,False
650,2023-08-04,33158.62946227427,266839.2261028189,33319.95757359887,333317.81313869206,False
651,2023-08-07,33168.38008846392,265721.18465266743,33287.7565998626,332177.321340994,False
652,2023-08-08,33458.61778744925,267671.63189513324,33458.57654349521,334588.82622607774,True
653,2023-08-09,33445.56458632277,268788.4815414272,33499.0098686233,335733.05599637324,False
654,2023-08-10,33537.658787485045,268302.9194774499,33537.7880617543,335378.36632668925,True
655,2023-08-11,33642.34129638083,268302.9194774499,33509.458809137876,335454.7195829686,False
656,2023-08-14,33756.83779048558,267558.667273629,33549.92917001848,334865.43423413305,False
657,2023-08-15,33763.380447291565,270163.5499870023,33683.48136092446,337610.41179521824,False
658,2023-08-16,33832.07834375442,270907.80219082325,33667.29321657222,338407.17375114985,False
659,2023-08-17,33838.62100056041,271652.05439464416,33687.528397012524,339178.2037922171,False
660,2023-08-18,33818.99303014245,270907.80219082325,33630.86989177968,338357.66511274537,False
661,2023-08-21,33802.63638812749,270907.80219082325,33659.1991443961,338369.6377233468,False
662,2023-08-22,33877.87694139633,267930.7933755394,33634.91692786774,335443.5872448035,False
663,2023-08-23,33870.96418568635,270968.8859596685,33870.480184401786,338710.33032975666,True
664,2023-08-24,34074.13753896736,266508.4927751472,33654.381057187,334237.01137130155,False
665,2023-08-25,33839.92484396992,270719.0934121555,33839.563144257234,338398.5814003827,True
666,2023-08-28,33833.422168173616,271090.9602987107,33847.752777157584,338772.13524404186,False
667,2023-08-29,33861.374809057284,270894.8811684693,33861.85559160812,338618.1115691347,True
668,2023-08-30,33733.842832470786,270523.2832519145,33779.954864575564,338037.08094896085,False
669,2023-08-31,33884.26516382922,270523.2832519145,33865.95062795975,338273.4990437034,False
670,2023-09-01,33772.48562801564,270178.8861547955,33772.48562801564,337723.8574108268,True
671,2023-09-05,33830.11012809765,270640.65654605837,33830.01718400508,338300.78385816107,True
672,2023-09-06,33957.815124207285,271664.7565087021,33958.09456358778,339580.6661964972,True
673,2023-09-07,34045.86154415861,272367.3587978725,34045.8740086545,340459.0943506856,True
674,2023-09-08,34083.20327392697,272666.17962681246,34083.158582936885,340832.5414836763,True
675,2023-09-11,33914.55482305208,268946.31360189005,33997.172719140435,336858.04114408256,False
676,2023-09-12,33909.85150267106,271278.56073151145,33909.85150267106,339098.2637368536,True
677,2023-09-13,33929.282226481206,271278.56073151145,33868.96670462106,339076.80966261367,False
678,2023-09-14,33858.07070627004,270863.74053275463,33858.07070627004,338579.88194529474,True
679,2023-09-15,33895.8620488057,271168.23288917576,33896.026067362785,338960.12100534426,True
680,2023-09-18,33857.24162110103,270795.7490527895,33920.520365376055,338573.5110392666,False
681,2023-09-19,33938.176965628416,271507.03747205954,33938.37968400746,339383.5941216954,True
682,2023-09-20,33925.2727158316,271879.4751091954,33913.9195905415,339718.6674155685,False
683,2023-09-21,33936.99842049736,271495.98736397875,33936.838906125195,339369.8246906013,True
684,2023-09-22,34010.37828060996,272083.07667396433,34009.99674525313,340103.45169982745,True
685,2023-09-25,33989.93634242023,271918.96951349004,33989.93634242023,339898.8421983305,True
686,2023-09-26,34036.96656086869,272295.7218155372,34036.91047020773,340369.5988466136,True
687,2023-09-27,34062.126094313586,272496.505851672,34062.126094313586,340620.7580402991,True
688,2023-09-28,34044.120207821565,272355.48016813584,34044.39749035622,340443.9978663136,True
689,2023-09-29,34004.31205889075,272034.36756269593,34004.31205889075,340042.99168047745,True
690,2023-10-02,33499.42991201922,267992.4957140591,33499.42991201922,334991.35553809756,True
691,2023-10-03,33590.292654023884,268723.53397965647,33590.44174745707,335904.26838113746,True
692,2023-10-04,33527.50706027805,269097.80074007384,33538.05742131541,336163.3652216673,False
693,2023-10-05,33647.20426032912,269182.9889878942,33647.82074204815,336478.0139902715,True
694,2023-10-06,33629.16611514615,269034.8062873349,33629.16523147167,336293.13763395266,True
695,2023-10-09,33999.30545438091,272001.6061394401,33999.172796584164,340000.08439040516,True
696,2023-10-10,33960.76668159565,271686.8219474636,33960.8708463526,339608.45947541186,True
697,2023-10-11,33957.55768918503,272059.5062025356,33952.71403817526,339969.77792989585,False
698,2023-10-12,34019.82171484265,272158.3262047435,34019.62348159358,340197.7714011797,True
699,2023-10-13,34023.96610688131,272191.6454006162,34023.96610688131,340239.5776143789,True
700,2023-10-16,33893.16604964904,267344.3969208792,34032.13905093772,335269.702021466,False
701,2023-10-17,34045.65746984005,272368.25139035814,34045.91503620981,340459.823896408,True
702,2023-10-18,34148.19497939627,272368.25139035814,34070.467378784,340586.91374853835,False
703,2023-10-19,34045.65746984005,272368.25139035814,34074.559435879695,340488.4682960779,False
704,2023-10-20,34016.81879527736,272368.25139035814,34013.17857944422,340398.2487650797,False
705,2023-10-23,33818.15237051218,272740.84817748587,34029.54680782701,340588.5473558251,False
706,2023-10-24,34052.06606418731,272368.25139035814,33976.35006558294,340396.6675201284,False
707,2023-10-25,34135.37779070175,272368.25139035814,33959.98183720014,340463.61101826,False
708,2023-10-26,34157.80787091717,272740.84817748587,34033.638864922716,340932.2949133257,False
709,2023-10-27,34059.189356555624,272473.2518582638,34059.189356555624,340591.6305713751,True
710,2023-10-30,33491.30557430759,267927.8254845893,33491.30557430759,334910.43663320446,True
711,2023-10-31,33661.72872743731,273540.83858831675,33447.137685407295,340649.7050011614,False
712,2023-11-01,34107.5878642928,272868.2456035739,34106.8581875703,341082.691655437,True
713,2023-11-02,34161.49650492905,273296.8384827368,34162.23899716469,341620.5739848305,True
714,2023-11-03,33807.39128295937,272923.4821460117,33384.275108744696,340115.1485377158,False
715,2023-11-06,33976.74546462963,271816.0670883167,33975.4373076139,339768.24986056023,True
716,2023-11-07,34080.07713682771,270699.0147578168,33999.950610144646,338779.04250478913,False
717,2023-11-08,33917.162440582535,169585.8122029126,135414.64707928445,338917.6217227796,True
718,2023-11-09,34019.95145451365,169585.8122029126,135398.3771469188,339004.140804345,False
719,2023-11-10,34003.89067108691,169585.8122029126,135561.07647057527,339150.7793445748,False
720,2023-11-13,33939.64753737996,167256.3367605649,135528.53660584398,336724.52090378886,False
721,2023-11-14,33441.763251151126,169818.7597471474,135365.8372821875,338626.36028048606,False
722,2023-11-15,33531.703638340856,168886.96957020828,135007.89877014325,337426.57197869243,False
723,2023-11-16,33525.27932497016,168886.96957020828,135349.56734982185,337761.8162450003,False
724,2023-11-17,33348.61070727605,168654.02202597354,135235.67782326232,337238.31055651186,False
725,2023-11-20,33236.1852232889,167955.1793932692,135512.26667347833,336703.6312900364,False
726,2023-11-21,33268.30679014237,167023.38921633014,135561.07647057527,335852.77247704775,False
727,2023-11-22,33414.95701786974,267065.10021658347,33415.042740425386,333895.0999748786,True
728,2023-11-24,33372.07736373312,266979.11005476693,33372.38875684588,333723.576175346,True
729,2023-11-27,33307.527891075995,266602.5527768336,33360.37565794133,333270.4563258509,False
730,2023-11-28,33162.29157759747,268485.33916650043,33380.397489448915,335028.02823354676,False
731,2023-11-29,33168.74652486318,265849.4382209668,33404.42368725802,332422.608433088,False
732,2023-11-30,33404.35210006168,266602.5527768336,33368.38439054436,333375.2892674396,False
733,2023-12-01,33330.90464586711,266647.14120476256,33330.90661064871,333308.9524612784,True
734,2023-12-04,33262.314546718866,266098.00515426067,33262.314546718866,332622.63424769836,True
735,2023-12-05,33584.466004237365,268679.5465058376,33584.336966194736,335848.3494762697,True
736,2023-12-06,33621.654625017334,268973.33541228104,33621.473074530935,336216.4631118293,True
737,2023-12-07,33562.779344729744,268505.00083588064,33563.125104485094,335630.90528509545,True
738,2023-12-08,33618.34925407682,268946.62979589513,33618.27168726903,336183.250737241,True
739,2023-12-11,33647.439259200044,268194.3315307318,33650.53877467133,335492.3095646032,False
740,2023-12-12,33573.098134996246,269698.92806105845,33614.23830134375,336886.26449739846,False
741,2023-12-13,33695.22370596045,269570.7133331079,33696.19450573375,336962.13154480205,True
742,2023-12-14,33397.15183299045,269195.2666571565,33651.75108372379,336244.1695738708,False
743,2023-12-15,33268.6998515616,266147.8279227039,33268.6998515616,332685.2276258271,True
744,2023-12-18,33255.723274340125,266147.8279227039,33164.85997207293,332568.4111691169,False
745,2023-12-19,33145.42236795757,268406.5082162487,33192.816862704494,334744.7474469108,False
746,2023-12-20,33223.28183128643,266147.8279227039,33184.82917966691,332555.93893365725,False
747,2023-12-21,33038.36560588038,268406.5082162487,33256.71832700522,334701.5921491343,False
748,2023-12-22,32992.947585605216,268782.95493183954,33200.80454574209,334976.70706318686,False
749,2023-12-26,32918.332266581725,268782.95493183954,33216.77991181727,334918.06711023854,False
750,2023-12-27,32762.613339923995,268782.95493183954,33220.77375333606,334766.3420250996,False
751,2023-12-28,32840.47280325286,268782.95493183954,33256.71832700522,334880.1460620976,False
752,2023-12-29,32872.91424630655,267653.6147850671,32869.315699682105,333395.8447310558,False
