,Date,CNY,INR,USD
0,2021-01-04,300000.0,300000.0,300000.0
1,2021-01-05,298531.3751668892,296784.07350689126,300944.04159255704
2,2021-01-06,298831.77570093464,296784.07350689126,301149.26802572166
3,2021-01-07,299833.1108144193,296784.07350689126,301108.22273908876
4,2021-01-08,300734.3124165555,297702.9096477795,301477.6303187851
5,2021-01-11,302202.9372496663,297243.49157733534,301149.2680257217
6,2021-01-12,300567.4232309747,297702.9096477795,301723.9020385826
7,2021-01-13,301468.6248331109,296784.07350689126,300328.3622930634
8,2021-01-14,301201.60213618167,297243.49157733534,300328.3622930634
9,2021-01-15,303004.00534045405,297243.49157733534,300000.00000000006
10,2021-01-19,302069.4259012017,298162.32771822356,300410.45286632923
11,2021-01-20,301969.2923898533,297702.9096477795,300410.45286632923
12,2021-01-21,300834.445927904,297243.49157733534,299261.1848406075
13,2021-01-22,301201.6021361817,296784.07350689126,299425.36598713923
14,2021-01-25,301702.26969292405,297702.9096477795,299630.5924203038
15,2021-01-26,300967.95727636863,297702.9096477795,299507.45656040503
16,2021-01-27,302570.09345794405,296784.07350689126,299302.2301272404
17,2021-01-28,301935.9145527371,297702.9096477795,299794.77356683544
18,2021-01-29,302336.44859813096,296324.6554364472,299384.3207005062
19,2021-02-01,303805.0734312418,295405.81929555896,299261.18484060746
20,2021-02-02,304405.8744993326,297243.4915773354,300123.13585989876
21,2021-02-03,304138.8518024034,296784.0735068913,299302.2301272404
22,2021-02-04,305507.3431241657,296784.0735068913,299055.9584074429
23,2021-02-05,303871.8291054742,297243.49157733546,299425.3659871392
24,2021-02-08,303504.6728971965,297243.49157733546,298727.5961143795
25,2021-02-09,301869.1588785049,296324.6554364473,299343.2754138733
26,2021-02-10,301635.5140186918,295405.8192955591,299014.9131208099
27,2021-02-11,301802.40320427256,296784.0735068914,298850.7319742782
28,2021-02-12,302002.6702269695,296784.0735068914,298440.27910794906
29,2021-02-16,302102.803738318,296784.0735068914,298152.96210151864
30,2021-02-17,303571.4285714288,296784.0735068914,299343.27541387326
31,2021-02-18,302369.82643524726,296784.0735068914,298809.68668764527
32,2021-02-19,301602.1361815757,298162.3277182237,298029.8262416198
33,2021-02-22,300433.9118825103,298162.3277182237,297783.5545218223
34,2021-02-23,300967.95727636875,296784.0735068913,297332.05636886024
35,2021-02-24,301001.33511348494,296784.0735068913,297085.78464906267
36,2021-02-25,300834.4459279041,296784.0735068913,297167.8752223286
37,2021-02-26,303504.67289719655,296324.65543644724,300246.27171979746
38,2021-03-01,303871.8291054743,297702.90964777954,302093.3096182787
39,2021-03-02,303037.3831775704,296784.0735068913,300902.99630592414
40,2021-03-03,303571.42857142887,297243.49157733546,300779.8604460254
41,2021-03-04,305841.1214953274,297243.49157733546,299138.04898070864
42,2021-03-05,307009.3457943928,297243.49157733546,300164.1811465316
43,2021-03-08,308110.8144192259,298621.74578866776,300164.1811465316
44,2021-03-09,306942.5901201604,299540.581929556,300985.08687919
45,2021-03-10,306375.16688918584,299081.1638591119,298727.5961143795
46,2021-03-11,305140.1869158881,298621.7457886678,298440.27910794906
47,2021-03-12,306008.01068090816,298162.32771822374,298152.96210151864
48,2021-03-15,306508.6782376505,298621.7457886678,298317.1432480503
49,2021-03-16,306642.1895861151,298621.7457886678,297660.41866192356
50,2021-03-17,305073.4312416559,299081.1638591119,297660.41866192356
51,2021-03-18,306575.4339118828,298621.7457886678,296757.42235599936
52,2021-03-19,306809.0787716959,298621.7457886678,298276.09796141734
53,2021-03-22,306408.54472630203,298621.7457886678,297167.8752223286
54,2021-03-23,308210.9479305744,299081.1638591119,297085.78464906267
55,2021-03-24,308845.1268357813,299081.1638591119,298029.8262416198
56,2021-03-25,310013.35113484674,299081.1638591119,298194.00738815154
57,2021-03-26,309646.19492656906,300459.4180704442,298029.8262416198
58,2021-03-29,310213.6181575437,300459.4180704442,297373.10165549314
59,2021-03-30,311415.22029372526,301837.6722817765,298563.41496784776
60,2021-03-31,311181.57543391216,301837.6722817765,301477.63031878497
61,2021-04-01,310180.2403204275,300918.8361408883,300451.498152962
62,2021-04-05,309078.77169559436,301837.6722817765,301190.3133123545
63,2021-04-06,308210.94793057436,301837.6722817765,300779.8604460254
64,2021-04-07,308611.4819759682,300459.41807044414,301641.8114653166
65,2021-04-08,307276.36849132203,300459.41807044414,305376.93254891224
66,2021-04-09,307610.1468624836,300918.8361408882,305951.5665617731
67,2021-04-12,307543.39118825126,300918.8361408882,306731.4270077986
68,2021-04-13,306575.43391188275,300918.8361408882,307798.60446025437
69,2021-04-14,306041.3885180243,300459.41807044414,308578.46490627987
70,2021-04-15,305974.63284379203,300000.00000000006,307962.7856067861
71,2021-04-16,305607.47663551435,299540.5819295559,306731.4270077986
72,2021-04-19,303971.96261682274,299081.16385911184,306033.6571350389
73,2021-04-20,304539.3858477974,299081.16385911184,307347.1063072923
74,2021-04-21,304272.36315086816,298621.74578866776,309686.6876453687
75,2021-04-22,304839.7863818428,298162.3277182237,309604.5970721029
76,2021-04-23,303271.0280373835,298162.3277182237,308209.05732658366
77,2021-04-26,303104.13885180274,298162.3277182237,307306.06102065946
78,2021-04-27,303437.9172229643,297702.9096477796,307059.78930086194
79,2021-04-28,302436.58210947964,297702.9096477796,306074.7024216719
80,2021-04-29,302436.58210947964,297702.9096477796,305007.524969216
81,2021-04-30,304672.897196262,297243.49157733546,304186.6192365577
82,2021-05-03,303571.4285714289,297243.49157733546,304104.5286632918
83,2021-05-04,304706.2750333782,297243.49157733546,303078.3964974689
84,2021-05-05,304773.03070761054,297243.49157733546,302832.12477767136
85,2021-05-06,303571.428571429,297243.49157733546,302914.21535093716
86,2021-05-07,301168.2242990658,296784.0735068914,302175.4001915446
87,2021-05-10,301101.46862483345,295405.8192955591,300820.9057326583
88,2021-05-11,300867.82376502035,294946.401225115,301682.8567519495
89,2021-05-12,302770.3604806412,295405.8192955591,301190.3133123545
90,2021-05-13,302903.87182910583,296784.0735068914,302421.67191134207
91,2021-05-14,301468.6248331111,296324.6554364473,301436.585032152
92,2021-05-17,301134.8464619496,295865.2373660032,300779.8604460253
93,2021-05-18,299566.0881174903,295865.2373660032,300738.81515939237
94,2021-05-19,301034.71295060107,294946.401225115,300164.18114653154
95,2021-05-20,299766.3551401872,295405.8192955591,300533.5887262278
96,2021-05-21,300467.2897196264,295405.8192955591,299712.6829935694
97,2021-05-24,299833.11081441946,295405.8192955591,299261.1848406073
98,2021-05-25,299198.93190921255,294946.401225115,298973.86783417687
99,2021-05-26,300534.04539385875,294486.9831546709,298809.6866876452
100,2021-05-27,300300.40053404565,293568.1470137827,298276.0979614173
101,2021-05-28,300500.66755674256,293108.7289433386,298317.1432480502
102,2021-06-01,299833.11081441946,292649.31087289454,297537.2828020247
103,2021-06-02,300066.75567423255,293108.7289433386,299055.95840744267
104,2021-06-03,302069.42590120184,293108.7289433386,299507.45656040474
105,2021-06-04,300867.82376502024,294027.56508422684,299794.7735668352
106,2021-06-07,300233.6448598133,293568.1470137827,299261.1848406072
107,2021-06-08,300667.55674232333,294027.56508422684,298850.7319742781
108,2021-06-09,300801.068090788,294027.56508422684,299548.5018470377
109,2021-06-10,300667.55674232333,293568.1470137827,299589.5471336706
110,2021-06-11,302269.69292389875,293568.1470137827,299671.63770693645
111,2021-06-14,302136.1815754341,294027.56508422684,300574.63401286065
112,2021-06-15,302202.9372496665,294027.56508422684,300369.40757969604
113,2021-06-16,304172.2296395196,294486.9831546709,301026.1321658227
114,2021-06-17,306708.9452603474,294027.56508422684,302996.3059242028
115,2021-06-18,307843.7917222967,296324.65543644736,304761.2532494183
116,2021-06-21,306608.81174899894,296324.65543644736,304309.75509645615
117,2021-06-22,306174.89986648894,297243.4915773355,304309.75509645615
118,2021-06-23,306408.544726302,297702.90964777966,305089.6155424816
119,2021-06-24,306475.3004005343,297243.4915773355,304761.2532494183
120,2021-06-25,306441.92256341816,297243.4915773355,304514.98152962077
121,2021-06-28,306675.5674232312,296324.65543644736,304597.07210288657
122,2021-06-29,307242.99065420585,296784.0735068915,304925.43439595
123,2021-06-30,308544.7263017359,296784.0735068915,304925.43439595
124,2021-07-01,309078.77169559436,296784.0735068915,305253.7966890133
125,2021-07-02,307843.7917222967,297243.4915773356,305951.5665617729
126,2021-07-06,308911.8825100136,296784.0735068915,305048.57025584864
127,2021-07-07,309212.283044059,297702.9096477797,306854.5628676971
128,2021-07-08,308277.7036048067,297243.4915773356,307100.83458749455
129,2021-07-09,307510.01335113513,298162.3277182238,306690.3817211654
130,2021-07-12,307843.79172229674,297702.9096477797,305746.3401286083
131,2021-07-13,309579.4392523368,297243.4915773356,305951.5665617729
132,2021-07-14,308444.5927903875,297243.4915773356,306444.11000136787
133,2021-07-15,309145.5273698268,297243.4915773356,305664.2495553424
134,2021-07-16,309379.17222963984,296784.0735068915,305951.56656177284
135,2021-07-19,310046.72897196293,297702.9096477797,306320.97414146905
136,2021-07-20,310313.75166889216,298162.32771822385,307798.6044602541
137,2021-07-21,309579.4392523368,297702.9096477798,305910.5212751399
138,2021-07-22,309813.08411214984,297243.49157733563,305541.1136954436
139,2021-07-23,310113.48464619525,297243.49157733563,305582.15898207657
140,2021-07-26,309245.66088117525,297702.9096477798,305582.15898207657
141,2021-07-27,308511.34846461983,297702.9096477798,304925.4343959499
142,2021-07-28,308144.1922563421,299081.1638591121,305787.3854152411
143,2021-07-29,306608.811748999,298162.3277182239,305335.887262279
144,2021-07-30,307643.5246995998,296784.0735068916,304761.2532494181
145,2021-08-02,307242.9906542059,296784.0735068916,305294.84197564604
146,2021-08-03,307343.12416555436,296784.0735068916,305089.6155424814
147,2021-08-04,307977.3030707613,297243.4915773357,304597.0721028864
148,2021-08-05,307877.16955941287,297243.4915773357,304473.9362429877
149,2021-08-06,309746.3284379176,296784.0735068916,304063.48337665846
150,2021-08-09,310246.9959946599,297702.90964777983,305746.3401286081
151,2021-08-10,310614.1522029376,298162.3277182239,305664.24955534225
152,2021-08-11,310113.48464619525,297702.9096477798,305541.1136954435
153,2021-08-12,310547.3965287053,297702.9096477798,304145.57394992426
154,2021-08-13,308811.74899866525,297702.9096477798,304802.298536051
155,2021-08-16,309178.905206943,297702.9096477798,304638.1173895193
156,2021-08-17,310847.79706275073,297243.49157733563,304309.755096456
157,2021-08-18,310881.1748998669,298162.32771822385,305212.7514023802
158,2021-08-19,312316.42189586157,297702.9096477798,304843.3438226839
159,2021-08-20,312082.77703604853,298162.32771822385,305500.06840881065
160,2021-08-23,310280.37383177615,298162.32771822385,304966.47968258266
161,2021-08-24,310046.72897196305,297702.9096477798,304186.6192365572
162,2021-08-25,309846.4619492661,297243.49157733563,304309.755096456
163,2021-08-26,310614.15220293764,297243.49157733563,304145.57394992426
164,2021-08-27,309379.1722296399,297702.9096477798,304391.8456697218
165,2021-08-30,309245.6608811753,297243.49157733563,301682.8567519492
166,2021-08-31,309178.905206943,297243.49157733563,301313.4491722529
167,2021-09-01,308578.1041388522,296784.07350689155,299630.59242030326
168,2021-09-02,307843.7917222968,296784.07350689155,299589.5471336703
169,2021-09-03,307209.6128170899,296784.07350689155,299835.8188534678
170,2021-09-07,308811.7489986653,296784.07350689155,300082.09057326533
171,2021-09-08,309245.66088117537,297243.49157733563,301231.35859898705
172,2021-09-09,308678.2376502007,296784.07350689155,302873.1700643038
173,2021-09-10,309012.0160213622,296324.6554364475,301847.03789848083
174,2021-09-13,309145.52736982686,295865.2373660034,301764.947325215
175,2021-09-14,309245.6608811753,296324.65543644753,301847.0378984809
176,2021-09-15,308711.6154873168,295865.23736600345,302298.536051443
177,2021-09-16,309946.59546061454,295405.8192955593,301436.58503215166
178,2021-09-17,311081.4419225638,296784.0735068916,301929.1284717467
179,2021-09-20,311214.9532710284,297243.4915773357,302503.7624846076
180,2021-09-21,311081.4419225638,297243.4915773357,302339.58133807586
181,2021-09-22,311949.26568758383,297243.4915773357,302873.17006430385
182,2021-09-23,310747.6635514023,296784.0735068916,303201.5323573672
183,2021-09-24,311515.3538050738,296784.0735068916,303078.39649746846
184,2021-09-27,311682.2429906546,297243.4915773357,302955.2606375697
185,2021-09-28,312983.97863818466,296784.0735068916,303037.3512108355
186,2021-09-29,314886.5153538055,296784.0735068916,304391.84566972184
187,2021-09-30,314586.1148197601,297243.4915773357,305048.5702558485
188,2021-10-01,313885.18024032086,296324.6554364475,304761.25324941817
189,2021-10-04,313117.4899866493,296324.6554364475,304350.800383089
190,2021-10-05,313684.91321762395,296324.6554364475,306074.70242167154
191,2021-10-06,314652.8704939924,296324.6554364475,306033.6571350387
192,2021-10-07,314485.98130841163,296324.6554364475,306854.5628676971
193,2021-10-08,313985.3137516693,296324.6554364475,307141.8798741275
194,2021-10-11,314819.7596795732,295865.2373660034,309112.0536325076
195,2021-10-12,315487.3164218963,296324.65543644753,309481.4612122039
196,2021-10-13,314018.6915887855,296324.65543644753,309809.8235052672
197,2021-10-14,313618.15754339163,295405.8192955593,309112.05363250757
198,2021-10-15,313551.40186915937,295865.23736600345,307839.6497468871
199,2021-10-18,313584.7797062755,295405.8192955593,307880.69503352
200,2021-10-19,313050.73431241704,295405.8192955593,308824.7366260771
201,2021-10-20,312283.0440587455,293108.7289433388,308332.19318648207
202,2021-10-21,312983.9786381847,293568.1470137829,307059.7893008616
203,2021-10-22,312449.9332443262,293568.1470137829,307306.0610206591
204,2021-10-25,313117.4899866493,293108.7289433388,307798.6044602541
205,2021-10-26,313584.77970627544,293108.7289433388,308209.0573265833
206,2021-10-27,313284.37917223,293108.7289433388,307388.15159392497
207,2021-10-28,311582.1094793061,293568.1470137829,308044.87618005165
208,2021-10-29,314152.20293725,293568.1470137829,307018.7440142287
209,2021-11-01,313351.1348464623,294027.565084227,307552.3327404567
210,2021-11-02,314052.0694259016,294027.565084227,307141.87987412745
211,2021-11-03,313284.37917222996,294027.565084227,306649.3364345324
212,2021-11-04,314919.8931909215,294486.9831546711,305541.11369544367
213,2021-11-05,314819.75967957306,294027.565084227,305705.2948419753
214,2021-11-08,313918.5580774369,294027.565084227,304514.9815296207
215,2021-11-09,313618.15754339145,293568.1470137829,303406.7587905319
216,2021-11-10,316588.7850467292,293568.1470137829,304432.89095635485
217,2021-11-11,317690.25367156236,293568.1470137829,305376.93254891195
218,2021-11-12,317523.3644859815,293568.1470137829,305048.5702558485
219,2021-11-15,318457.94392523385,293108.7289433388,305130.66082911444
220,2021-11-16,320160.2136181578,293108.7289433388,305541.1136954436
221,2021-11-17,319859.81308411236,293568.1470137829,305623.20426870947
222,2021-11-18,318891.8558077439,293108.7289433388,304802.2985360512
223,2021-11-19,320660.8811749001,293568.1470137829,304432.8909563549
224,2021-11-22,322096.1281708948,293568.1470137829,304966.47968258284
225,2021-11-23,322062.7503337786,293108.7289433388,305500.0684088108
226,2021-11-24,323230.9746328441,293568.1470137829,305582.1589820766
227,2021-11-26,320727.6368491325,293568.1470137829,305828.43070187414
228,2021-11-29,321562.08277703635,293568.1470137829,307757.5591736213
229,2021-11-30,320393.85847797093,293568.1470137829,308044.8761800517
230,2021-12-01,320594.12550066784,292189.8928024506,308044.8761800517
231,2021-12-02,320861.14819759707,292649.31087289465,307921.74032015295
232,2021-12-03,320827.77036048094,293108.72894333873,307757.55917362135
233,2021-12-06,321395.1935914556,293108.72894333873,308783.6913394443
234,2021-12-07,321662.2162883848,292649.3108728946,309440.415925571
235,2021-12-08,320060.0801068094,292649.3108728946,309522.5064988368
236,2021-12-09,321328.43791722326,291271.05666156224,309399.37063893804
237,2021-12-10,320594.12550066784,293108.7289433387,310302.36694486224
238,2021-12-13,321495.327102804,292189.89280245046,310753.86509782437
239,2021-12-14,322329.77303070785,292649.31087289454,311246.4085374194
240,2021-12-15,322129.50600801094,292649.31087289454,312149.4048433436
241,2021-12-16,320560.74766355165,292649.31087289454,312806.1294294703
242,2021-12-17,322329.77303070785,292649.31087289454,312641.9482829386
243,2021-12-20,322263.0173564756,292649.31087289454,311985.22369681194
244,2021-12-21,322062.7503337786,292649.31087289454,310959.091530989
245,2021-12-22,320694.2590120163,292649.31087289454,310671.7745245585
246,2021-12-23,320493.9919893194,292649.31087289454,309727.73293200135
247,2021-12-27,320727.6368491325,292649.31087289454,309153.0989191405
248,2021-12-28,321094.79305741016,292649.31087289454,307757.55917362135
249,2021-12-29,320193.59145527397,292649.31087289454,306813.5175810642
250,2021-12-30,320327.10280373855,292649.31087289454,306074.7024216716
251,2021-12-31,319325.7676902539,292649.31087289454,305500.0684088108
252,2022-01-03,321228.30440587475,291730.4747320063,305828.43070187414
253,2022-01-04,321395.1935914555,292189.89280245046,305376.932548912
254,2022-01-05,321061.4152202939,291730.4747320063,305910.52127513994
255,2022-01-06,321261.6822429908,291730.4747320063,305500.06840881077
256,2022-01-07,319559.4125500669,293108.7289433386,305459.0231221778
257,2022-01-10,320393.85847797076,293108.7289433386,304843.343822684
258,2022-01-11,319158.8785046731,292649.31087289454,303981.3928033927
259,2022-01-12,317089.45260347147,292649.31087289454,302996.30592420266
260,2022-01-13,316388.51802403224,292189.89280245046,302914.2153509368
261,2022-01-14,317656.8758344461,292189.89280245046,303611.98522369645
262,2022-01-18,319526.0347129508,291730.4747320063,304802.2985360511
263,2022-01-19,318791.7222963954,291730.4747320063,306279.9288548362
264,2022-01-20,319559.41255006695,291271.05666156224,305582.15898207657
265,2022-01-21,319225.6341789054,291271.05666156224,305582.15898207657
266,2022-01-24,320160.2136181577,291271.05666156224,305417.97783554485
267,2022-01-25,320260.3471295062,290811.63859111816,306362.019428102
268,2022-01-26,322062.7503337785,290811.63859111816,306936.6534409629
269,2022-01-27,324632.84379172244,290352.2205206741,307388.15159392497
270,2022-01-28,324666.22162883857,292649.3108728946,308701.60076617834
271,2022-01-31,322229.6395193593,291730.4747320064,308003.8308934188
272,2022-02-01,321728.97196261695,292189.8928024505,306033.6571350387
273,2022-02-02,320226.96929239,292189.8928024505,306813.51758106414
274,2022-02-03,318357.81041388534,292189.8928024505,307100.8345874945
275,2022-02-04,318691.5887850469,292189.8928024505,306362.01942810195
276,2022-02-07,318424.56608811766,292189.8928024505,306362.01942810195
277,2022-02-08,319225.63417890534,291730.4747320064,306444.1100013678
278,2022-02-09,318724.966622163,292649.3108728946,306608.29114789946
279,2022-02-10,318925.23364486,292189.89280245046,307059.78930086154
280,2022-02-11,320694.2590120162,291730.4747320063,310056.0952250646
281,2022-02-14,321662.2162883847,291730.4747320063,309235.1894924062
282,2022-02-15,320393.85847797076,292189.89280245046,310671.77452455834
283,2022-02-16,319425.9012016023,291271.05666156224,308537.4196196466
284,2022-02-17,319759.67957276385,291271.05666156224,308003.8308934187
285,2022-02-18,320560.7476635516,291271.05666156224,308085.92146668455
286,2022-02-22,320527.3698264354,290811.63859111816,305869.4759885069
287,2022-02-23,321061.41522029386,290811.63859111816,306279.92885483615
288,2022-02-24,324232.3097463286,289892.80245022994,306320.97414146905
289,2022-02-25,322496.6622162886,290811.63859111816,309522.5064988367
290,2022-02-28,322797.062750334,290352.2205206741,308126.96675331745
291,2022-03-01,325133.5113484648,289892.80245022994,308988.91777260875
292,2022-03-02,325066.7556742325,289892.80245022994,311123.27267752046
293,2022-03-03,326401.86915887875,290352.2205206741,310425.5028047608
294,2022-03-04,329272.36315086804,290352.2205206741,311492.6802572167
295,2022-03-07,331408.544726302,290352.2205206741,313668.08044876135
296,2022-03-08,330640.8544726304,290352.2205206741,316377.06936653395
297,2022-03-09,327002.6702269695,290352.2205206741,315679.29949377436
298,2022-03-10,328805.0734312419,290352.2205206741,312477.76713640674
299,2022-03-11,330841.1214953274,290352.2205206741,313216.5822957993
300,2022-03-14,330640.8544726305,291271.0566615623,315022.5749076477
301,2022-03-15,330674.2323097466,292189.8928024505,313955.39745519176
302,2022-03-16,328371.1615487319,292649.3108728946,313052.40114926756
303,2022-03-17,327136.1815754342,291730.4747320064,312026.2689834446
304,2022-03-18,327870.49399198964,291730.4747320064,311862.087836913
305,2022-03-21,328771.6955941258,292189.8928024505,311738.95197701425
306,2022-03-22,328738.3177570096,291730.4747320064,313216.58229579934
307,2022-03-23,329172.22963951965,292649.3108728946,312354.63127650804
308,2022-03-24,329739.6528704943,292649.3108728946,314201.6691749894
309,2022-03-25,329806.4085447266,292649.3108728946,313257.62758243224
310,2022-03-28,330740.98798397894,292649.3108728946,313093.4464359006
311,2022-03-29,328437.9172229642,292649.3108728946,312067.3142700776
312,2022-03-30,326401.86915887875,292189.89280245046,310589.6839512926
313,2022-03-31,328137.5166889188,291730.4747320063,311246.4085374193
314,2022-04-01,329205.6074766357,291271.05666156224,311574.77083048265
315,2022-04-04,330407.20961281727,292189.89280245046,311903.13312354597
316,2022-04-05,332009.3457943927,292189.89280245046,309809.8235052672
317,2022-04-06,332443.2576769027,292189.89280245046,309686.68764536845
318,2022-04-07,332943.925233645,292189.89280245046,311738.95197701437
319,2022-04-08,333110.8144192258,292189.89280245046,311574.77083048265
320,2022-04-11,333544.72630173585,292189.89280245046,311615.81611711555
321,2022-04-12,334746.32843791746,292649.31087289454,311287.4538240522
322,2022-04-13,333377.8371161551,292189.89280245046,312559.85770967265
323,2022-04-14,334846.4619492659,292649.31087289454,312436.7218497739
324,2022-04-18,336381.84245660907,292649.31087289454,313298.67286906514
325,2022-04-19,336982.6435246998,292649.31087289454,313093.4464359006
326,2022-04-20,335080.10680907895,293568.14701378276,313791.21630866016
327,2022-04-21,335714.28571428586,294946.40122511506,313093.4464359006
328,2022-04-22,337850.4672897198,296324.6554364474,313134.49172253354
329,2022-04-25,339619.49265687604,298621.74578866793,313832.26159529306
330,2022-04-26,341455.27369826456,301378.25421133253,314119.57860172354
331,2022-04-27,343624.8331108147,301378.25421133253,315186.75605417945
332,2022-04-28,345861.14819759707,301378.25421133253,313873.306881926
333,2022-04-29,343658.2109479308,304594.18070444127,314365.85032152105
334,2022-05-02,346261.6822429909,303675.3445635531,314078.5333150906
335,2022-05-03,345360.4806408547,303675.3445635531,314078.5333150906
336,2022-05-04,342423.2309746331,303675.3445635531,313873.306881926
337,2022-05-05,346295.060080107,303675.3445635531,311944.17841017887
338,2022-05-06,345994.6595460616,305513.01684532955,314160.62388835644
339,2022-05-09,345961.2817089455,306431.85298621777,315884.525926939
340,2022-05-10,346862.4833110817,309188.3614088824,317567.3826788887
341,2022-05-11,346628.8384512686,309188.3614088824,317156.9298125595
342,2022-05-12,349966.6221628841,308728.9433384383,317772.6091120533
343,2022-05-13,348998.66488651565,311944.869831547,317854.69968531915
344,2022-05-16,347763.6849132179,311944.869831547,318059.92611848377
345,2022-05-17,344993.32443257706,311944.869831547,319373.3752907372
346,2022-05-18,346495.3271028041,309647.7794793265,317567.3826788888
347,2022-05-19,342857.1428571432,310107.1975497706,319414.4205773701
348,2022-05-20,344292.38985313784,308269.52526799415,317772.6091120534
349,2022-05-23,340720.9612817092,307350.6891271059,319414.4205773701
350,2022-05-24,339986.64886515384,305513.0168453295,318224.10726501554
351,2022-05-25,340654.20560747694,305513.0168453295,318018.8808318509
352,2022-05-26,339886.5153538053,307350.6891271059,318100.9714051167
353,2022-05-27,339352.4699599468,309647.77947932645,318634.56013134465
354,2022-05-31,339619.49265687604,305972.4349157736,318183.0619783825
355,2022-06-01,342289.71962616843,306431.8529862177,318511.42427144584
356,2022-06-02,339686.2483311083,307350.6891271059,318429.33369818004
357,2022-06-03,340921.228304406,305972.43491577357,317526.33739225584
358,2022-06-06,341922.56341789063,305972.43491577357,318880.8318511421
359,2022-06-07,341522.02937249676,305513.0168453295,319414.42057737004
360,2022-06-08,342256.34178905224,306431.8529862177,318798.7412778763
361,2022-06-09,344526.03471295076,306891.2710566618,319003.9677110409
362,2022-06-10,347630.17356475315,307350.6891271059,319414.4205773701
363,2022-06-13,350734.3124165555,308269.5252679941,320892.05089615524
364,2022-06-14,352202.9372496663,310107.1975497705,320809.9603228893
365,2022-06-15,351001.3351134847,309647.77947932645,320112.1904501297
366,2022-06-16,345894.52603471297,308269.5252679941,319742.78287043347
367,2022-06-17,349465.9546061416,307810.10719755,320071.14516349684
368,2022-06-21,348598.13084112154,307350.6891271059,319865.9187303323
369,2022-06-22,347797.06275033386,307350.6891271059,320686.8244629906
370,2022-06-23,348564.75300400547,307810.10719755,320933.09618278814
371,2022-06-24,347763.68491321773,307810.10719755,320727.8697496236
372,2022-06-27,346929.23898531386,307350.6891271059,321179.3679025857
373,2022-06-28,348831.77570093476,307350.6891271059,321959.22834861116
374,2022-06-29,350834.44592790405,308269.5252679941,324545.081406485
375,2022-06-30,349432.57676902553,307810.10719755,323847.3115337255
376,2022-07-01,350934.5794392525,307810.10719755,324093.5832535229
377,2022-07-05,355473.96528704953,307810.10719755,324011.4926802571
378,2022-07-06,357476.6355140188,308728.94333843817,325776.4400054726
379,2022-07-07,357576.76902536734,308269.5252679941,324421.94554658636
380,2022-07-08,357176.2349799735,307810.10719755,325160.76070597884
381,2022-07-11,360547.3965287051,307350.6891271059,325612.258858941
382,2022-07-12,360714.28571428586,308728.9433384382,326227.93815843476
383,2022-07-13,360347.1295060082,308728.9433384382,326227.93815843476
384,2022-07-14,362283.04405874526,308728.9433384382,327582.432617321
385,2022-07-15,360680.90787716984,310566.6156202146,327869.74962375144
386,2022-07-18,358377.83711615513,310566.6156202146,327213.02503762476
387,2022-07-19,356074.7663551405,309647.7794793264,328485.4289232452
388,2022-07-20,357409.8798397867,309647.7794793264,327787.6590504856
389,2022-07-21,356842.45660881203,310107.1975497705,328362.2930633465
390,2022-07-22,356241.65554072126,311026.0336906587,327459.2967574223
391,2022-07-25,355407.2096128174,310107.1975497705,327869.74962375144
392,2022-07-26,357777.03604806436,310107.1975497705,327213.02503762476
393,2022-07-27,355307.07610146893,310566.6156202146,327705.56847721984
394,2022-07-28,354973.2977303074,310566.6156202146,327746.61376385274
395,2022-07-29,353471.2950600804,310107.1975497705,326597.345738131
396,2022-08-01,351969.29238985345,309647.77947932645,325037.62484608014
397,2022-08-02,354606.14152202965,311026.03369065875,324093.58325352304
398,2022-08-03,355507.34312416584,310107.1975497706,322615.95293473796
399,2022-08-04,352770.36048064113,310566.61562021467,324750.3078396498
400,2022-08-05,355874.4993324436,310107.1975497706,324873.44369954854
401,2022-08-08,355273.6982643528,310566.61562021467,325940.6211520044
402,2022-08-09,355040.0534045397,310107.1975497706,326720.48159802984
403,2022-08-10,351134.8464619496,310107.1975497706,326638.39102476405
404,2022-08-11,350767.69025367184,308728.9433384382,324668.21726638393
405,2022-08-12,352570.0934579442,309647.77947932645,326761.5268846628
406,2022-08-15,355640.8544726305,309647.77947932645,326843.6174579286
407,2022-08-16,355473.9652870497,311026.03369065875,326515.2551648653
408,2022-08-17,355707.6101468628,311944.86983154697,324873.4436995486
409,2022-08-18,358744.99332443293,311485.4517611029,325735.39471883985
410,2022-08-19,361048.06408544764,311485.4517611028,327418.2514707895
411,2022-08-22,363985.31375166925,313323.12404287927,328033.9307702833
412,2022-08-23,362550.0667556746,314701.37825421157,327869.74962375156
413,2022-08-24,362750.3337783715,313782.5421133234,327746.6137638528
414,2022-08-25,362049.3991989322,315160.7963246557,327541.38733068825
415,2022-08-26,363150.8678237653,314701.37825421157,327869.74962375156
416,2022-08-29,363284.37917222996,315620.2143950998,328198.1119168149
417,2022-08-30,363050.7343124168,317457.88667687617,328239.15720344783
418,2022-08-31,362817.0894526038,317457.88667687617,327048.8438910933
419,2022-09-01,366121.49532710307,316539.05053598795,326515.2551648653
420,2022-09-02,365587.4499332446,317457.88667687617,327213.02503762493
421,2022-09-06,367857.14285714313,318376.7228177643,327459.29675742245
422,2022-09-07,366622.16288384545,319295.55895865255,327951.8401970175
423,2022-09-08,366188.2510013354,320214.39509954076,326925.7080311945
424,2022-09-09,363818.4245660884,319754.9770290967,327171.979750992
425,2022-09-12,361582.10947930603,318376.7228177644,326966.75331782736
426,2022-09-13,366555.40720961307,318376.7228177644,325735.3947188398
427,2022-09-14,366021.3618157546,317917.30474732025,326720.4815980298
428,2022-09-15,366288.38451268384,319754.9770290967,326104.80229853606
429,2022-09-16,366355.1401869162,321133.231240429,327746.61376385274
430,2022-09-19,366288.38451268384,320673.8131699849,327089.88917772606
431,2022-09-20,367890.5206942593,322052.0673813172,327171.9797509919
432,2022-09-21,369292.38985313784,322511.4854517613,327377.2061841566
433,2022-09-22,371662.2162883848,323889.7396630936,328567.5194965112
434,2022-09-23,377803.73831775726,325267.9938744259,332713.093446436
435,2022-09-26,380841.12149532733,327565.08422664634,333492.95389246143
436,2022-09-27,380874.4993324435,328483.92036753456,335011.6294978794
437,2022-09-28,375834.4459279041,329862.17457886686,335422.0823642086
438,2022-09-29,374666.2216288387,330781.0107197551,334231.769051854
439,2022-09-30,374232.3097463287,327105.66615620226,334436.99548501853
440,2022-10-03,372997.32977303094,326646.2480857582,334601.1766315502
441,2022-10-04,367389.8531375169,326646.2480857582,334519.0860582844
442,2022-10-05,370727.63684913237,326646.2480857582,334395.95019838563
443,2022-10-06,374699.5994659548,326646.2480857582,335134.7653577782
444,2022-10-07,376502.00267022714,326646.2480857582,338007.93542208243
445,2022-10-10,377636.8491321764,326646.2480857582,339978.10918046255
446,2022-10-11,377903.87182910566,328483.9203675346,338295.2524285129
447,2022-10-12,378237.6502002672,328943.33843797876,337679.57312901906
448,2022-10-13,375033.37783711636,329402.75650842284,337392.25612258865
449,2022-10-14,378204.2723631511,329402.75650842284,337351.2108359557
450,2022-10-17,373965.2870493994,330321.59264931106,338254.2071418799
451,2022-10-18,374265.68758344476,330781.01071975514,337351.2108359557
452,2022-10-19,377102.803738318,330781.01071975514,337761.66370228486
453,2022-10-20,376769.02536715637,332159.26493108744,340675.879053222
454,2022-10-21,373865.1535380509,331699.8468606433,339978.1091804624
455,2022-10-24,373798.39786381857,332618.6830015315,338787.79586810776
456,2022-10-25,370327.1028037385,333537.5191424197,339690.79217403196
457,2022-10-26,366154.87316421914,335375.1914241961,338418.3882884115
458,2022-10-27,369125.50066755695,329402.7565084228,336776.57682309474
459,2022-10-28,369392.5233644862,332159.2649310874,338377.3430017786
460,2022-10-31,372263.01735647547,333078.10107197554,337556.4372691202
461,2022-11-01,372096.1281708947,335375.19142419606,339567.65631413326
462,2022-11-02,371662.21628838463,334456.3552833079,339362.42988096864
463,2022-11-03,376935.91455273714,334915.77335375204,340224.3809002599
464,2022-11-04,370093.4579439254,335375.1914241961,339362.4298809686
465,2022-11-07,367556.74232309766,329862.17457886686,336448.2145300314
466,2022-11-08,365887.8504672899,332159.2649310874,335873.58051717054
467,2022-11-09,368991.9893190923,333078.10107197554,334149.678478588
468,2022-11-10,361181.57543391205,332618.68300153146,333862.3614721576
469,2022-11-11,354773.03070761036,330321.59264931094,330332.4668217266
470,2022-11-14,356008.01068090805,326646.24808575807,330414.5573949924
471,2022-11-15,355140.18691588804,324808.5758039817,332425.77644000534
472,2022-11-16,354739.6528704942,323430.3215926494,332754.13873306866
473,2022-11-17,356108.14419225656,325727.4119448699,334519.0860582842
474,2022-11-18,356909.2122830443,328943.33843797864,334601.17663155
475,2022-11-21,359946.59546061436,327105.66615620226,334601.17663155
476,2022-11-22,357877.16955941275,328943.33843797864,335463.1276508413
477,2022-11-23,354072.09612817114,328024.5022970904,335381.0370775754
478,2022-11-25,353671.56208277727,328483.92036753456,335175.81064441084
479,2022-11-28,356074.7663551404,329402.7565084228,335216.8559310438
480,2022-11-29,356542.05607476656,331240.4287901992,335134.765357778
481,2022-11-30,353638.18424566113,328943.3384379787,335052.67478451214
482,2022-12-01,349566.08811749023,325267.9938744259,333739.2256122588
483,2022-12-02,348965.2870493994,323430.32159264944,333123.5463127649
484,2022-12-05,351435.24699599494,322511.4854517612,334190.72376522084
485,2022-12-06,352403.2042723634,319754.9770290966,336160.8975236009
486,2022-12-07,350801.068090788,321133.231240429,338090.02599534806
487,2022-12-08,349699.5994659549,320214.39509954076,337597.482555753
488,2022-12-09,349833.1108144195,320214.3950995407,337720.6184156518
489,2022-12-12,350901.2016021364,319754.9770290966,338254.20714187965
490,2022-12-13,347062.7503337786,320673.8131699849,339198.2487344368
491,2022-12-14,346361.81575433933,318836.1408882085,338213.1618552468
492,2022-12-15,348998.66488651553,319295.55895865266,338664.66000820894
493,2022-12-16,349465.95460614166,320214.3950995409,340101.2450403611
494,2022-12-19,349532.710280374,320214.3950995409,339567.65631413314
495,2022-12-20,347029.37249666237,320673.81316998496,338951.9770146393
496,2022-12-21,347663.55140186934,319754.97702909674,339198.2487344368
497,2022-12-22,348564.7530040056,320673.81316998496,340183.3356136268
498,2022-12-23,348164.2189586117,320673.813169985,340142.29032699397
499,2022-12-27,347730.3070761017,319754.9770290968,340265.4261868927
500,2022-12-28,348664.88651535404,319754.9770290968,339772.8827472977
501,2022-12-29,346595.4606141524,320673.813169985,340060.1997537281
502,2022-12-30,345527.36982643546,319754.9770290968,340019.1544670952
503,2023-01-03,348865.15353805094,316998.4686064322,339485.5657408672
504,2023-01-04,347963.95193591475,317457.88667687634,339813.9280339306
505,2023-01-05,350600.801068091,316539.0505359881,339321.38459433557
506,2023-01-06,346728.971962617,316079.63246554404,339239.2940210697
507,2023-01-09,343791.7222963954,314241.9601837676,337679.57312901877
508,2023-01-10,344592.7903871831,311026.03369065886,337310.16554932256
509,2023-01-11,344425.9012016023,311485.451761103,335093.720071145
510,2023-01-12,341288.3845126837,311026.03369065886,335052.6747845121
511,2023-01-13,341121.49532710295,309647.77947932656,332959.36516623327
512,2023-01-17,341755.67423230986,309188.3614088825,335134.76535777794
513,2023-01-18,341655.5407209614,311026.03369065886,334642.2219181829
514,2023-01-19,340654.20560747676,310107.19754977064,334272.81433848664
515,2023-01-20,340487.316421896,311485.451761103,333451.9086058283
516,2023-01-23,340921.228304406,311485.451761103,332384.73115337244
517,2023-01-24,340186.91588785057,311485.451761103,334478.04077165126
518,2023-01-25,339252.3364485982,311485.451761103,334929.5389246134
519,2023-01-26,339919.8931909213,311485.451761103,334519.0860582842
520,2023-01-27,340220.2937249667,311485.451761103,334313.85962511966
521,2023-01-30,341388.51802403206,311485.451761103,334560.1313449172
522,2023-01-31,340787.7169559413,310107.19754977064,334847.4483513476
523,2023-02-01,337850.4672897197,310107.19754977064,335627.308797373
524,2023-02-02,339619.49265687587,309647.77947932656,335381.0370775755
525,2023-02-03,343524.69959946605,309188.3614088825,336776.57682309474
526,2023-02-06,345861.1481975969,311026.03369065886,337515.3919824873
527,2023-02-07,345226.9692923899,311944.8698315471,339649.746887399
528,2023-02-08,345160.2136181576,311944.8698315471,339608.7016007661
529,2023-02-09,344526.0347129507,311944.8698315471,339280.3393077028
530,2023-02-10,345894.526034713,311485.45176110294,338746.75058147486
531,2023-02-13,344959.9465954607,312863.70597243524,338664.66000820906
532,2023-02-14,344559.4125500669,313323.1240428794,339034.0675879053
533,2023-02-15,346862.48331108154,313782.54211332346,340142.2903269941
534,2023-02-16,346662.2162883846,314701.3782542116,339608.7016007661
535,2023-02-17,346662.2162883846,315160.7963246557,339444.52045423444
536,2023-02-21,347730.3070761016,314701.37825421157,339444.52045423444
537,2023-02-22,349098.7983978639,315620.2143950998,340101.24504036113
538,2023-02-23,349132.17623498,316539.05053598795,340019.1544670953
539,2023-02-24,351168.2242990654,317457.88667687617,339116.1581611711
540,2023-02-27,349365.8210947931,319295.5589586526,340347.51676015864
541,2023-02-28,350033.37783711625,318836.14088820847,339239.2940210699
542,2023-03-01,348731.6421895862,318376.7228177643,339198.24873443693
543,2023-03-02,350567.4232309747,315620.2143950997,338295.25242851273
544,2023-03-03,348865.15353805077,317457.8866768761,338048.9807087152
545,2023-03-06,348297.7303070762,317457.8866768761,335381.0370775755
546,2023-03-07,352536.71562082786,318376.72281776427,335955.6710904364
547,2023-03-08,352670.22696929245,319754.9770290966,336858.6673963606
548,2023-03-09,351502.002670227,319295.5589586525,336407.16924339853
549,2023-03-10,349065.4205607477,319754.97702909657,336653.44096319604
550,2023-03-13,345794.3925233645,317457.8866768761,336407.16924339853
551,2023-03-14,345794.3925233645,314241.96018376737,338295.2524285128
552,2023-03-15,349299.06542056083,315620.2143950997,337802.7089889177
553,2023-03-16,348531.3751668893,317457.8866768761,339526.6110275003
554,2023-03-17,346161.54873164225,316998.468606432,339116.1581611712
555,2023-03-20,344726.30173564766,316539.0505359879,338746.7505814749
556,2023-03-21,344659.54606141534,316079.6324655438,338746.7505814749
557,2023-03-22,341622.16288384516,316079.6324655438,339362.4298809687
558,2023-03-23,342222.96395193593,316079.6324655438,338746.75058147486
559,2023-03-24,344192.2563417891,313323.1240428792,337679.57312901894
560,2023-03-27,343324.43257676903,315620.2143950997,337966.8901354494
561,2023-03-28,341889.18558077444,316079.6324655438,337433.3014092214
562,2023-03-29,342590.1201602136,315620.2143950997,337228.0749760568
563,2023-03-30,340921.2283044059,316539.05053598795,337638.527842386
564,2023-03-31,342156.20827770367,315620.2143950998,336981.80325625924
565,2023-04-03,340754.33911882516,315620.2143950998,337310.1655493226
566,2023-04-04,339085.4472630174,316079.63246554387,337145.9844027909
567,2023-04-05,339953.27102803736,316079.63246554387,337022.84854289214
568,2023-04-06,339853.1375166889,316079.63246554387,336366.12395676546
569,2023-04-10,342389.85313751665,315620.2143950998,336078.80695033504
570,2023-04-11,341121.4953271028,316079.63246554387,336489.2598166643
571,2023-04-12,338785.04672897194,316539.05053598795,336858.6673963605
572,2023-04-13,337149.5327102804,315620.2143950998,336407.16924339836
573,2023-04-14,338951.9359145527,315620.2143950998,335257.9012176767
574,2023-04-17,340787.71695594117,315620.2143950998,335914.6258038034
575,2023-04-18,339619.4926568758,316079.63246554387,336571.35038993007
576,2023-04-19,340353.8050734312,315620.2143950998,337022.84854289214
577,2023-04-20,339919.8931909212,316539.05053598795,337966.8901354493
578,2023-04-21,339853.1375166889,315620.2143950998,337145.98440279096
579,2023-04-24,338284.3791722297,316539.05053598795,336776.5768230947
580,2023-04-25,339986.6488651536,316539.05053598795,335955.67109043634
581,2023-04-26,338684.91321762354,318376.7228177643,336530.30510329717
582,2023-04-27,338785.046728972,318376.7228177643,335627.30879737297
583,2023-04-28,339352.46995994664,317917.3047473202,335627.30879737297
584,2023-05-01,340954.6061415221,317457.8866768761,335504.1729374742
585,2023-05-02,340320.42723631515,317457.8866768761,335627.30879737297
586,2023-05-03,338251.0013351136,317457.8866768761,335668.3540840059
587,2023-05-04,338451.2683578105,317457.8866768761,335668.3540840059
588,2023-05-05,337817.08945260354,317457.8866768761,335422.0823642084
589,2023-05-08,338351.13484646205,317457.8866768761,335463.1276508414
590,2023-05-09,339152.2029372498,317457.8866768761,335709.3993706389
591,2023-05-10,338718.2910547398,317917.3047473202,337022.84854289226
592,2023-05-11,340654.20560747676,318376.7228177643,336242.9880968668
593,2023-05-12,342723.6315086784,319295.55895865255,336981.8032562593
594,2023-05-15,341889.18558077444,319754.9770290967,337392.25612258853
595,2023-05-16,342323.09746328444,319295.55895865255,337679.57312901894
596,2023-05-17,343391.18825100135,320673.8131699849,337802.7089889177
597,2023-05-18,345727.6368491322,321592.64931087306,338418.3882884115
598,2023-05-19,344459.2790387183,323430.3215926495,339567.6563141332
599,2023-05-22,344459.2790387183,322052.0673813172,340265.42618689284
600,2023-05-23,345427.2363150868,322970.9035222054,339937.0638938295
601,2023-05-24,346762.349799733,324349.15773353766,340224.38090025994
602,2023-05-25,347830.44058744994,324349.1577335377,339485.5657408674
603,2023-05-26,347830.44058745,325267.993874426,339608.70160076616
604,2023-05-30,347696.9292389854,324808.5758039819,338951.9770146395
605,2023-05-31,348197.59679572773,325267.993874426,339362.4298809687
606,2023-06-01,345660.8811749,326646.24808575836,339321.3845943358
607,2023-06-02,347196.2616822431,325727.41194487014,337720.61841565196
608,2023-06-05,347129.50600801077,325267.99387442606,338254.2071418799
609,2023-06-06,347563.41789052077,326646.24808575836,338664.6600082091
610,2023-06-07,347463.2843791723,327105.66615620244,338705.705294842
611,2023-06-08,344926.56875834457,327565.0842266465,339116.15816117125
612,2023-06-09,345660.8811749,326646.2480857583,338582.56943494326
613,2023-06-12,345894.5260347131,327565.0842266465,338377.3430017787
614,2023-06-13,344926.5687583446,328024.5022970906,337966.89013544953
615,2023-06-14,343825.1001335115,329402.7565084229,337761.6637022849
616,2023-06-15,340854.4726301738,328943.3384379788,336735.53153646196
617,2023-06-16,341455.27369826456,327105.6661562024,336201.942810234
618,2023-06-20,342256.3417890523,328943.3384379788,336489.25981666445
619,2023-06-21,340687.583444593,329862.17457886704,336530.30510329735
620,2023-06-22,341755.67423231,329862.17457886704,336325.0786701328
621,2023-06-23,343457.9439252339,329862.17457886704,336242.98809686693
622,2023-06-26,342757.0093457947,329862.17457886704,336489.25981666445
623,2023-06-27,342089.4526034716,332618.6830015317,336612.3956765632
624,2023-06-28,343491.3217623501,331699.8468606435,336571.35038993025
625,2023-06-29,344926.5687583448,332618.6830015317,336694.486249829
626,2023-06-30,343491.3217623501,333078.1010719758,336899.71268299356
627,2023-07-03,343758.3444592794,332618.6830015317,336981.8032562594
628,2023-07-05,345026.7022696933,331240.4287901994,336612.39567656314
629,2023-07-06,344359.1455273702,333078.10107197583,338172.11656861403
630,2023-07-07,341355.1401869162,333078.1010719758,339731.8374606649
631,2023-07-10,340353.80507343163,331240.42879019934,339116.1581611712
632,2023-07-11,339552.73698264395,332159.26493108756,338746.7505814749
633,2023-07-12,335514.0186915892,331240.42879019934,338213.161855247
634,2023-07-13,333010.68090787757,329402.7565084229,336571.35038993025
635,2023-07-14,333477.97062750376,328483.9203675347,336694.486249829
636,2023-07-17,333244.32576769067,328024.50229709054,336899.71268299356
637,2023-07-18,333578.10413885216,329402.75650842284,336817.6221097277
638,2023-07-19,334712.95060080144,329862.174578867,336899.71268299356
639,2023-07-20,336715.62082777073,332159.26493108756,336817.6221097277
640,2023-07-21,337349.79973297764,329862.174578867,336899.71268299356
641,2023-07-24,338284.37917222996,329862.17457886704,336530.3051032973
642,2023-07-25,338284.37917222996,330321.5926493112,335791.4899439048
643,2023-07-26,336748.99866488687,328024.50229709066,336366.1239567657
644,2023-07-27,339686.2483311084,328483.9203675348,336489.25981666445
645,2023-07-28,339185.58077436616,329402.75650842296,338090.0259953483
646,2023-07-31,339986.64886515384,326186.8300153142,337597.48255575326
647,2023-08-01,341455.2736982646,326186.8300153142,337515.39198248746
648,2023-08-02,342423.23097463313,329862.1745788671,337843.75427555083
649,2023-08-03,342256.34178905236,330321.59264931123,339567.6563141334
650,2023-08-04,340520.6942590123,328943.3384379789,339772.88274729793
651,2023-08-07,340620.82777036075,327565.0842266465,339444.52045423456
652,2023-08-08,342222.9639519362,330321.5926493112,339649.7468873991
653,2023-08-09,342089.4526034716,331699.8468606435,340060.1997537283
654,2023-08-10,342189.58611482003,331240.4287901994,340142.29032699415
655,2023-08-11,343257.676902537,331240.4287901994,339854.9733205637
656,2023-08-14,344425.90120160236,330321.5926493112,340265.4261868929
657,2023-08-15,344492.6568758347,333537.51914241986,341619.9206457792
658,2023-08-16,345193.59145527397,334456.3552833081,341455.7394992475
659,2023-08-17,345260.34712950623,335375.19142419624,341660.96593241213
660,2023-08-18,345060.0801068093,334456.3552833081,341086.33191955124
661,2023-08-21,344893.19092122855,334456.3552833081,341373.6489259817
662,2023-08-22,345660.88117490016,330781.01071975526,341127.3772061842
663,2023-08-23,344993.32443257706,334915.77335375216,340963.1960596525
664,2023-08-24,347062.7503337787,329402.7565084229,338787.7958681079
665,2023-08-25,347396.5287049402,334456.355283308,339198.24873443705
666,2023-08-28,347329.7730307079,334915.77335375216,339280.33930770284
667,2023-08-29,345627.503337784,334915.77335375216,339403.4751676016
668,2023-08-30,344325.7676902539,334456.3552833081,338582.5694349432
669,2023-08-31,345861.14819759707,334456.3552833081,339444.5204542345
670,2023-09-01,347930.5740987986,333537.51914241986,339362.42988096864
671,2023-09-05,349833.11081441946,333996.93721286394,339567.65631413326
672,2023-09-06,350000.00000000023,335375.19142419624,341045.28663291835
673,2023-09-07,350667.55674232333,336294.02756508446,341743.05650567793
674,2023-09-08,350767.69025367184,336753.44563552854,341660.9659324121
675,2023-09-11,349032.0427236317,332159.2649310875,340799.01491312083
676,2023-09-12,349499.3324432579,334915.7733537521,340429.60733342456
677,2023-09-13,349699.5994659549,334915.7733537521,340019.1544670954
678,2023-09-14,351835.78104138875,333996.9372128639,340429.60733342456
679,2023-09-15,351535.38050734333,334456.355283308,340799.01491312083
680,2023-09-18,351134.8464619495,333996.93721286394,341045.28663291835
681,2023-09-19,351134.8464619495,334915.77335375216,341702.01121904503
682,2023-09-20,351001.3351134849,335375.19142419624,341455.7394992475
683,2023-09-21,351668.89185580803,334915.77335375216,341045.28663291835
684,2023-09-22,352403.2042723634,335834.6094946403,340224.38090025994
685,2023-09-25,353805.0734312419,335375.19142419624,340552.74319332326
686,2023-09-26,354572.7636849135,335834.6094946403,340799.0149131208
687,2023-09-27,356041.38851802435,335834.6094946403,341907.23765220953
688,2023-09-28,354539.3858477974,335834.6094946403,341578.8753591462
689,2023-09-29,354372.4966622166,335375.19142419624,341455.73949924746
690,2023-10-02,356809.0787716959,328943.3384379788,340799.0149131208
691,2023-10-03,357142.85714285745,329862.17457886704,342153.5093720071
692,2023-10-04,356475.3004005343,330321.5926493112,341619.9206457792
693,2023-10-05,354906.542056075,330781.01071975526,342522.9169517034
694,2023-10-06,353938.58477970655,330781.01071975526,341578.8753591463
695,2023-10-09,354072.09612817114,335375.1914241963,341168.4224928171
696,2023-10-10,353237.6502002672,334915.7733537522,341784.10179231083
697,2023-10-11,353204.272363151,335375.1914241963,341702.011219045
698,2023-10-12,355707.6101468627,335375.1914241963,341578.8753591462
699,2023-10-13,355974.632843792,335375.1914241963,341743.0565056779
700,2023-10-16,354606.1415220296,329402.75650842296,341825.14707894373
701,2023-10-17,354639.5193591457,335834.60949464043,341496.78478588036
702,2023-10-18,355707.6101468627,335834.60949464043,341743.0565056779
703,2023-10-19,354639.5193591458,335834.60949464043,341784.1017923108
704,2023-10-20,354339.11882510036,335834.60949464043,341168.42249281704
705,2023-10-23,352269.6929238988,336294.0275650846,341332.60363934864
706,2023-10-24,354706.27503337804,335834.60949464043,340799.0149131207
707,2023-10-25,355574.0987983981,335834.60949464043,340634.833766589
708,2023-10-26,355807.74365821114,336294.0275650846,341373.64892598154
709,2023-10-27,355674.2323097465,335834.60949464043,341825.1470789436
710,2023-10-30,354205.60747663566,328943.3384379789,342358.73580517154
711,2023-10-31,356008.010680908,335834.60949464043,341907.2376522094
712,2023-11-01,356742.3230974634,336294.0275650846,341825.1470789436
713,2023-11-02,354205.60747663566,336294.0275650846,349664.796825831
714,2023-11-03,350534.0453938586,335834.60949464043,341702.01121904486
715,2023-11-06,351201.6021361818,335375.19142419635,341332.6036393486
716,2023-11-07,352269.69292389875,333996.93721286405,341578.8753591461
717,2023-11-08,352436.5821094795,334456.3552833082,341619.92064577906
718,2023-11-09,353504.6728971965,334456.3552833082,341578.8753591461
719,2023-11-10,353337.7837116157,334456.3552833082,341989.32822547527
720,2023-11-13,352670.2269692926,329862.1745788671,341907.2376522095
721,2023-11-14,347496.6622162886,334915.7733537523,341496.7847858803
722,2023-11-15,348431.24165554094,333078.10107197583,340593.7884799561
723,2023-11-16,348364.4859813087,333078.1010719758,341455.7394992474
724,2023-11-17,346528.7049399201,332618.6830015317,341168.422492817
725,2023-11-20,345360.4806408547,331240.4287901994,341866.19236557663
726,2023-11-21,345694.2590120162,329402.756508423,341989.3282254753
727,2023-11-22,346862.4833110816,325727.4119448702,342112.4640853741
728,2023-11-24,345126.8357810416,325727.41194487014,342071.41879874124
729,2023-11-27,344459.2790387185,325267.99387442606,341948.2829388425
730,2023-11-28,342957.2763684915,327565.0842266466,342153.5093720071
731,2023-11-29,343024.0320427238,324349.1577335378,342399.7810918046
732,2023-11-30,345460.6141522031,325267.99387442606,342030.37351210834
733,2023-12-01,344692.9238985315,325267.993874426,342112.46408537414
734,2023-12-04,345927.9038718292,324349.1577335377,341578.8753591463
735,2023-12-05,347296.39519359154,328024.50229709054,342399.7810918046
736,2023-12-06,347630.17356475315,328483.9203675347,341989.3282254754
737,2023-12-07,345594.12550066767,328024.50229709054,341866.1923655767
738,2023-12-08,347162.8838451269,328483.9203675347,342112.46408537414
739,2023-12-11,347463.28437917226,327565.08422664646,342440.8263784376
740,2023-12-12,346695.5941255007,329402.75650842284,342071.4187987413
741,2023-12-13,343357.81041388516,329862.174578867,342317.6905185388
742,2023-12-14,340320.42723631504,329402.75650842284,341866.19236557675
743,2023-12-15,342289.71962616814,324808.5758039818,341907.23765220965
744,2023-12-18,342156.20827770355,324808.5758039818,340840.0601997538
745,2023-12-19,341021.3618157543,327565.0842266464,341127.37720618414
746,2023-12-20,341822.429906542,324808.5758039818,341045.28663291835
747,2023-12-21,339919.8931909212,327565.0842266464,341784.10179231083
748,2023-12-22,339452.6034712951,328024.5022970905,341209.46777945
749,2023-12-26,338684.9132176235,328024.5022970905,341373.6489259817
750,2023-12-27,337082.777036048,328024.5022970905,341414.6942126146
751,2023-12-28,337883.84512683575,328024.5022970905,341784.10179231083
752,2023-12-29,338217.62349799724,326646.2480857582,337802.70898891776
